fips_code,lim_timestamp,case_4b_prob,date
48001,7/6/2025 0:00,0,7-Jul
48001,7/6/2025 1:00,0,7-Jul
48001,7/6/2025 2:00,0,7-Jul
48001,7/6/2025 3:00,0,7-Jul
48001,7/6/2025 4:00,0,7-Jul
48001,7/6/2025 5:00,0,7-Jul
48001,7/6/2025 6:00,0,7-Jul
48001,7/6/2025 7:00,0,7-Jul
48001,7/6/2025 8:00,0,7-Jul
48001,7/6/2025 9:00,0.041666667,7-Jul
48001,7/6/2025 10:00,0.083333333,7-Jul
48001,7/6/2025 11:00,0.091666667,7-Jul
48001,7/6/2025 12:00,0.091666667,7-Jul
48001,7/6/2025 13:00,0.091666667,7-Jul
48001,7/6/2025 14:00,0.083333333,7-Jul
48001,7/6/2025 15:00,0.083333333,7-Jul
48001,7/6/2025 16:00,0.05,7-Jul
48001,7/6/2025 17:00,0.008333333,7-Jul
48001,7/6/2025 18:00,0.008333333,7-Jul
48001,7/6/2025 19:00,0.008333333,7-Jul
48001,7/6/2025 20:00,0.008333333,7-Jul
48001,7/6/2025 21:00,0,7-Jul
48001,7/6/2025 22:00,0,7-Jul
48001,7/6/2025 23:00,0,7-Jul
48003,7/6/2025 0:00,0.008333333,7-Jul
48003,7/6/2025 1:00,0.008333333,7-Jul
48003,7/6/2025 2:00,0.008333333,7-Jul
48003,7/6/2025 3:00,0.016666667,7-Jul
48003,7/6/2025 4:00,0.016666667,7-Jul
48003,7/6/2025 5:00,0.008333333,7-Jul
48003,7/6/2025 6:00,0.008333333,7-Jul
48003,7/6/2025 7:00,0.008333333,7-Jul
48003,7/6/2025 8:00,0,7-Jul
48003,7/6/2025 9:00,0,7-Jul
48003,7/6/2025 10:00,0,7-Jul
48003,7/6/2025 11:00,0,7-Jul
48003,7/6/2025 12:00,0,7-Jul
48003,7/6/2025 13:00,0,7-Jul
48003,7/6/2025 14:00,0.008333333,7-Jul
48003,7/6/2025 15:00,0.008333333,7-Jul
48003,7/6/2025 16:00,0,7-Jul
48003,7/6/2025 17:00,0,7-Jul
48003,7/6/2025 18:00,0,7-Jul
48003,7/6/2025 19:00,0,7-Jul
48003,7/6/2025 20:00,0,7-Jul
48003,7/6/2025 21:00,0,7-Jul
48003,7/6/2025 22:00,0,7-Jul
48003,7/6/2025 23:00,0,7-Jul
48005,7/6/2025 0:00,0,7-Jul
48005,7/6/2025 1:00,0,7-Jul
48005,7/6/2025 2:00,0,7-Jul
48005,7/6/2025 3:00,0,7-Jul
48005,7/6/2025 4:00,0,7-Jul
48005,7/6/2025 5:00,0,7-Jul
48005,7/6/2025 6:00,0,7-Jul
48005,7/6/2025 7:00,0,7-Jul
48005,7/6/2025 8:00,0,7-Jul
48005,7/6/2025 9:00,0,7-Jul
48005,7/6/2025 10:00,0,7-Jul
48005,7/6/2025 11:00,0.005208333,7-Jul
48005,7/6/2025 12:00,0.005208333,7-Jul
48005,7/6/2025 13:00,0.005208333,7-Jul
48005,7/6/2025 14:00,0,7-Jul
48005,7/6/2025 15:00,0,7-Jul
48005,7/6/2025 16:00,0.005208333,7-Jul
48005,7/6/2025 17:00,0.005208333,7-Jul
48005,7/6/2025 18:00,0.005208333,7-Jul
48005,7/6/2025 19:00,0.005208333,7-Jul
48005,7/6/2025 20:00,0.005208333,7-Jul
48005,7/6/2025 21:00,0,7-Jul
48005,7/6/2025 22:00,0,7-Jul
48005,7/6/2025 23:00,0,7-Jul
48007,7/6/2025 0:00,0,7-Jul
48007,7/6/2025 1:00,0,7-Jul
48007,7/6/2025 2:00,0,7-Jul
48007,7/6/2025 3:00,0,7-Jul
48007,7/6/2025 4:00,0,7-Jul
48007,7/6/2025 5:00,0,7-Jul
48007,7/6/2025 6:00,0,7-Jul
48007,7/6/2025 7:00,0.010416667,7-Jul
48007,7/6/2025 8:00,0.010416667,7-Jul
48007,7/6/2025 9:00,0.052083333,7-Jul
48007,7/6/2025 10:00,0.09375,7-Jul
48007,7/6/2025 11:00,0.09375,7-Jul
48007,7/6/2025 12:00,0.052083333,7-Jul
48007,7/6/2025 13:00,0.020833333,7-Jul
48007,7/6/2025 14:00,0.010416667,7-Jul
48007,7/6/2025 15:00,0.010416667,7-Jul
48007,7/6/2025 16:00,0.010416667,7-Jul
48007,7/6/2025 17:00,0.010416667,7-Jul
48007,7/6/2025 18:00,0.010416667,7-Jul
48007,7/6/2025 19:00,0.010416667,7-Jul
48007,7/6/2025 20:00,0.020833333,7-Jul
48007,7/6/2025 21:00,0.020833333,7-Jul
48007,7/6/2025 22:00,0.020833333,7-Jul
48007,7/6/2025 23:00,0.010416667,7-Jul
48009,7/6/2025 0:00,0.005952381,7-Jul
48009,7/6/2025 1:00,0.005952381,7-Jul
48009,7/6/2025 2:00,0.047619048,7-Jul
48009,7/6/2025 3:00,0.047619048,7-Jul
48009,7/6/2025 4:00,0.005952381,7-Jul
48009,7/6/2025 5:00,0.017857143,7-Jul
48009,7/6/2025 6:00,0.017857143,7-Jul
48009,7/6/2025 7:00,0.017857143,7-Jul
48009,7/6/2025 8:00,0.017857143,7-Jul
48009,7/6/2025 9:00,0.023809524,7-Jul
48009,7/6/2025 10:00,0.023809524,7-Jul
48009,7/6/2025 11:00,0.023809524,7-Jul
48009,7/6/2025 12:00,0.023809524,7-Jul
48009,7/6/2025 13:00,0.023809524,7-Jul
48009,7/6/2025 14:00,0.023809524,7-Jul
48009,7/6/2025 15:00,0.06547619,7-Jul
48009,7/6/2025 16:00,0.113095238,7-Jul
48009,7/6/2025 17:00,0.101190476,7-Jul
48009,7/6/2025 18:00,0.041666667,7-Jul
48009,7/6/2025 19:00,0,7-Jul
48009,7/6/2025 20:00,0,7-Jul
48009,7/6/2025 21:00,0,7-Jul
48009,7/6/2025 22:00,0,7-Jul
48009,7/6/2025 23:00,0,7-Jul
48011,7/6/2025 0:00,0.005952381,7-Jul
48011,7/6/2025 1:00,0.005952381,7-Jul
48011,7/6/2025 2:00,0.005952381,7-Jul
48011,7/6/2025 3:00,0.005952381,7-Jul
48011,7/6/2025 4:00,0.005952381,7-Jul
48011,7/6/2025 5:00,0.005952381,7-Jul
48011,7/6/2025 6:00,0.011904762,7-Jul
48011,7/6/2025 7:00,0.011904762,7-Jul
48011,7/6/2025 8:00,0.011904762,7-Jul
48011,7/6/2025 9:00,0.011904762,7-Jul
48011,7/6/2025 10:00,0.011904762,7-Jul
48011,7/6/2025 11:00,0.011904762,7-Jul
48011,7/6/2025 12:00,0.053571429,7-Jul
48011,7/6/2025 13:00,0.101190476,7-Jul
48011,7/6/2025 14:00,0.095238095,7-Jul
48011,7/6/2025 15:00,0.101190476,7-Jul
48011,7/6/2025 16:00,0.101190476,7-Jul
48011,7/6/2025 17:00,0.101190476,7-Jul
48011,7/6/2025 18:00,0.089285714,7-Jul
48011,7/6/2025 19:00,0.089285714,7-Jul
48011,7/6/2025 20:00,0.089285714,7-Jul
48011,7/6/2025 21:00,0.089285714,7-Jul
48011,7/6/2025 22:00,0.089285714,7-Jul
48011,7/6/2025 23:00,0.089285714,7-Jul
48013,7/6/2025 0:00,0.010416667,7-Jul
48013,7/6/2025 1:00,0.010416667,7-Jul
48013,7/6/2025 2:00,0.005208333,7-Jul
48013,7/6/2025 3:00,0.010416667,7-Jul
48013,7/6/2025 4:00,0.010416667,7-Jul
48013,7/6/2025 5:00,0.010416667,7-Jul
48013,7/6/2025 6:00,0.005208333,7-Jul
48013,7/6/2025 7:00,0.010416667,7-Jul
48013,7/6/2025 8:00,0.010416667,7-Jul
48013,7/6/2025 9:00,0.010416667,7-Jul
48013,7/6/2025 10:00,0.010416667,7-Jul
48013,7/6/2025 11:00,0.015625,7-Jul
48013,7/6/2025 12:00,0.015625,7-Jul
48013,7/6/2025 13:00,0.010416667,7-Jul
48013,7/6/2025 14:00,0.015625,7-Jul
48013,7/6/2025 15:00,0.010416667,7-Jul
48013,7/6/2025 16:00,0.005208333,7-Jul
48013,7/6/2025 17:00,0,7-Jul
48013,7/6/2025 18:00,0,7-Jul
48013,7/6/2025 19:00,0,7-Jul
48013,7/6/2025 20:00,0,7-Jul
48013,7/6/2025 21:00,0,7-Jul
48013,7/6/2025 22:00,0,7-Jul
48013,7/6/2025 23:00,0,7-Jul
48015,7/6/2025 0:00,0,7-Jul
48015,7/6/2025 1:00,0,7-Jul
48015,7/6/2025 2:00,0,7-Jul
48015,7/6/2025 3:00,0,7-Jul
48015,7/6/2025 4:00,0,7-Jul
48015,7/6/2025 5:00,0,7-Jul
48015,7/6/2025 6:00,0,7-Jul
48015,7/6/2025 7:00,0,7-Jul
48015,7/6/2025 8:00,0,7-Jul
48015,7/6/2025 9:00,0,7-Jul
48015,7/6/2025 10:00,0,7-Jul
48015,7/6/2025 11:00,0,7-Jul
48015,7/6/2025 12:00,0,7-Jul
48015,7/6/2025 13:00,0,7-Jul
48015,7/6/2025 14:00,0,7-Jul
48015,7/6/2025 15:00,0,7-Jul
48015,7/6/2025 16:00,0,7-Jul
48015,7/6/2025 17:00,0,7-Jul
48015,7/6/2025 18:00,0,7-Jul
48015,7/6/2025 19:00,0,7-Jul
48015,7/6/2025 20:00,0,7-Jul
48015,7/6/2025 21:00,0,7-Jul
48015,7/6/2025 22:00,0,7-Jul
48015,7/6/2025 23:00,0,7-Jul
48017,7/6/2025 0:00,0,7-Jul
48017,7/6/2025 1:00,0,7-Jul
48017,7/6/2025 2:00,0,7-Jul
48017,7/6/2025 3:00,0,7-Jul
48017,7/6/2025 4:00,0,7-Jul
48017,7/6/2025 5:00,0,7-Jul
48017,7/6/2025 6:00,0,7-Jul
48017,7/6/2025 7:00,0.010416667,7-Jul
48017,7/6/2025 8:00,0.010416667,7-Jul
48017,7/6/2025 9:00,0.010416667,7-Jul
48017,7/6/2025 10:00,0.010416667,7-Jul
48017,7/6/2025 11:00,0.010416667,7-Jul
48017,7/6/2025 12:00,0.010416667,7-Jul
48017,7/6/2025 13:00,0.010416667,7-Jul
48017,7/6/2025 14:00,0.010416667,7-Jul
48017,7/6/2025 15:00,0.010416667,7-Jul
48017,7/6/2025 16:00,0.010416667,7-Jul
48017,7/6/2025 17:00,0.010416667,7-Jul
48017,7/6/2025 18:00,0.010416667,7-Jul
48017,7/6/2025 19:00,0.010416667,7-Jul
48017,7/6/2025 20:00,0.010416667,7-Jul
48017,7/6/2025 21:00,0.010416667,7-Jul
48017,7/6/2025 22:00,0.010416667,7-Jul
48017,7/6/2025 23:00,0.010416667,7-Jul
48019,7/6/2025 0:00,0.041666667,7-Jul
48019,7/6/2025 1:00,0.083333333,7-Jul
48019,7/6/2025 2:00,0.083333333,7-Jul
48019,7/6/2025 3:00,0.083333333,7-Jul
48019,7/6/2025 4:00,0.083333333,7-Jul
48019,7/6/2025 5:00,0.041666667,7-Jul
48019,7/6/2025 6:00,0,7-Jul
48019,7/6/2025 7:00,0,7-Jul
48019,7/6/2025 8:00,0,7-Jul
48019,7/6/2025 9:00,0,7-Jul
48019,7/6/2025 10:00,0,7-Jul
48019,7/6/2025 11:00,0,7-Jul
48019,7/6/2025 12:00,0,7-Jul
48019,7/6/2025 13:00,0,7-Jul
48019,7/6/2025 14:00,0,7-Jul
48019,7/6/2025 15:00,0,7-Jul
48019,7/6/2025 16:00,0,7-Jul
48019,7/6/2025 17:00,0,7-Jul
48019,7/6/2025 18:00,0,7-Jul
48019,7/6/2025 19:00,0,7-Jul
48019,7/6/2025 20:00,0,7-Jul
48019,7/6/2025 21:00,0,7-Jul
48019,7/6/2025 22:00,0,7-Jul
48019,7/6/2025 23:00,0,7-Jul
48021,7/6/2025 0:00,0,7-Jul
48021,7/6/2025 1:00,0,7-Jul
48021,7/6/2025 2:00,0,7-Jul
48021,7/6/2025 3:00,0,7-Jul
48021,7/6/2025 4:00,0,7-Jul
48021,7/6/2025 5:00,0,7-Jul
48021,7/6/2025 6:00,0,7-Jul
48021,7/6/2025 7:00,0,7-Jul
48021,7/6/2025 8:00,0,7-Jul
48021,7/6/2025 9:00,0,7-Jul
48021,7/6/2025 10:00,0,7-Jul
48021,7/6/2025 11:00,0,7-Jul
48021,7/6/2025 12:00,0,7-Jul
48021,7/6/2025 13:00,0,7-Jul
48021,7/6/2025 14:00,0,7-Jul
48021,7/6/2025 15:00,0,7-Jul
48021,7/6/2025 16:00,0,7-Jul
48021,7/6/2025 17:00,0,7-Jul
48021,7/6/2025 18:00,0,7-Jul
48021,7/6/2025 19:00,0,7-Jul
48021,7/6/2025 20:00,0,7-Jul
48021,7/6/2025 21:00,0,7-Jul
48021,7/6/2025 22:00,0,7-Jul
48021,7/6/2025 23:00,0,7-Jul
48023,7/6/2025 0:00,0.005208333,7-Jul
48023,7/6/2025 1:00,0.005208333,7-Jul
48023,7/6/2025 2:00,0.015625,7-Jul
48023,7/6/2025 3:00,0.015625,7-Jul
48023,7/6/2025 4:00,0.015625,7-Jul
48023,7/6/2025 5:00,0.067708333,7-Jul
48023,7/6/2025 6:00,0.161458333,7-Jul
48023,7/6/2025 7:00,0.213541667,7-Jul
48023,7/6/2025 8:00,0.208333333,7-Jul
48023,7/6/2025 9:00,0.21875,7-Jul
48023,7/6/2025 10:00,0.21875,7-Jul
48023,7/6/2025 11:00,0.223958333,7-Jul
48023,7/6/2025 12:00,0.223958333,7-Jul
48023,7/6/2025 13:00,0.223958333,7-Jul
48023,7/6/2025 14:00,0.182291667,7-Jul
48023,7/6/2025 15:00,0.140625,7-Jul
48023,7/6/2025 16:00,0.140625,7-Jul
48023,7/6/2025 17:00,0.109375,7-Jul
48023,7/6/2025 18:00,0.052083333,7-Jul
48023,7/6/2025 19:00,0.010416667,7-Jul
48023,7/6/2025 20:00,0.010416667,7-Jul
48023,7/6/2025 21:00,0.010416667,7-Jul
48023,7/6/2025 22:00,0.010416667,7-Jul
48023,7/6/2025 23:00,0.010416667,7-Jul
48025,7/6/2025 0:00,0,7-Jul
48025,7/6/2025 1:00,0,7-Jul
48025,7/6/2025 2:00,0,7-Jul
48025,7/6/2025 3:00,0,7-Jul
48025,7/6/2025 4:00,0,7-Jul
48025,7/6/2025 5:00,0,7-Jul
48025,7/6/2025 6:00,0,7-Jul
48025,7/6/2025 7:00,0.008333333,7-Jul
48025,7/6/2025 8:00,0.008333333,7-Jul
48025,7/6/2025 9:00,0.008333333,7-Jul
48025,7/6/2025 10:00,0.008333333,7-Jul
48025,7/6/2025 11:00,0.05,7-Jul
48025,7/6/2025 12:00,0.091666667,7-Jul
48025,7/6/2025 13:00,0.1,7-Jul
48025,7/6/2025 14:00,0.1,7-Jul
48025,7/6/2025 15:00,0.05,7-Jul
48025,7/6/2025 16:00,0.008333333,7-Jul
48025,7/6/2025 17:00,0.008333333,7-Jul
48025,7/6/2025 18:00,0.008333333,7-Jul
48025,7/6/2025 19:00,0.008333333,7-Jul
48025,7/6/2025 20:00,0.058333333,7-Jul
48025,7/6/2025 21:00,0.108333333,7-Jul
48025,7/6/2025 22:00,0.108333333,7-Jul
48025,7/6/2025 23:00,0.1,7-Jul
48027,7/6/2025 0:00,0,7-Jul
48027,7/6/2025 1:00,0,7-Jul
48027,7/6/2025 2:00,0,7-Jul
48027,7/6/2025 3:00,0,7-Jul
48027,7/6/2025 4:00,0,7-Jul
48027,7/6/2025 5:00,0,7-Jul
48027,7/6/2025 6:00,0,7-Jul
48027,7/6/2025 7:00,0,7-Jul
48027,7/6/2025 8:00,0,7-Jul
48027,7/6/2025 9:00,0,7-Jul
48027,7/6/2025 10:00,0,7-Jul
48027,7/6/2025 11:00,0,7-Jul
48027,7/6/2025 12:00,0,7-Jul
48027,7/6/2025 13:00,0,7-Jul
48027,7/6/2025 14:00,0,7-Jul
48027,7/6/2025 15:00,0,7-Jul
48027,7/6/2025 16:00,0,7-Jul
48027,7/6/2025 17:00,0,7-Jul
48027,7/6/2025 18:00,0,7-Jul
48027,7/6/2025 19:00,0,7-Jul
48027,7/6/2025 20:00,0,7-Jul
48027,7/6/2025 21:00,0,7-Jul
48027,7/6/2025 22:00,0,7-Jul
48027,7/6/2025 23:00,0,7-Jul
48029,7/6/2025 0:00,0.005952381,7-Jul
48029,7/6/2025 1:00,0.005952381,7-Jul
48029,7/6/2025 2:00,0.005952381,7-Jul
48029,7/6/2025 3:00,0.005952381,7-Jul
48029,7/6/2025 4:00,0.005952381,7-Jul
48029,7/6/2025 5:00,0,7-Jul
48029,7/6/2025 6:00,0,7-Jul
48029,7/6/2025 7:00,0,7-Jul
48029,7/6/2025 8:00,0,7-Jul
48029,7/6/2025 9:00,0,7-Jul
48029,7/6/2025 10:00,0,7-Jul
48029,7/6/2025 11:00,0,7-Jul
48029,7/6/2025 12:00,0,7-Jul
48029,7/6/2025 13:00,0,7-Jul
48029,7/6/2025 14:00,0,7-Jul
48029,7/6/2025 15:00,0,7-Jul
48029,7/6/2025 16:00,0,7-Jul
48029,7/6/2025 17:00,0,7-Jul
48029,7/6/2025 18:00,0,7-Jul
48029,7/6/2025 19:00,0,7-Jul
48029,7/6/2025 20:00,0,7-Jul
48029,7/6/2025 21:00,0,7-Jul
48029,7/6/2025 22:00,0,7-Jul
48029,7/6/2025 23:00,0,7-Jul
48031,7/6/2025 0:00,0,7-Jul
48031,7/6/2025 1:00,0,7-Jul
48031,7/6/2025 2:00,0,7-Jul
48031,7/6/2025 3:00,0,7-Jul
48031,7/6/2025 4:00,0,7-Jul
48031,7/6/2025 5:00,0,7-Jul
48031,7/6/2025 6:00,0,7-Jul
48031,7/6/2025 7:00,0,7-Jul
48031,7/6/2025 8:00,0,7-Jul
48031,7/6/2025 9:00,0,7-Jul
48031,7/6/2025 10:00,0,7-Jul
48031,7/6/2025 11:00,0,7-Jul
48031,7/6/2025 12:00,0,7-Jul
48031,7/6/2025 13:00,0,7-Jul
48031,7/6/2025 14:00,0,7-Jul
48031,7/6/2025 15:00,0,7-Jul
48031,7/6/2025 16:00,0,7-Jul
48031,7/6/2025 17:00,0,7-Jul
48031,7/6/2025 18:00,0,7-Jul
48031,7/6/2025 19:00,0,7-Jul
48031,7/6/2025 20:00,0,7-Jul
48031,7/6/2025 21:00,0,7-Jul
48031,7/6/2025 22:00,0,7-Jul
48031,7/6/2025 23:00,0,7-Jul
48033,7/6/2025 0:00,0.041666667,7-Jul
48033,7/6/2025 1:00,0,7-Jul
48033,7/6/2025 2:00,0.005952381,7-Jul
48033,7/6/2025 3:00,0.005952381,7-Jul
48033,7/6/2025 4:00,0.005952381,7-Jul
48033,7/6/2025 5:00,0,7-Jul
48033,7/6/2025 6:00,0.041666667,7-Jul
48033,7/6/2025 7:00,0.089285714,7-Jul
48033,7/6/2025 8:00,0.089285714,7-Jul
48033,7/6/2025 9:00,0.130952381,7-Jul
48033,7/6/2025 10:00,0.172619048,7-Jul
48033,7/6/2025 11:00,0.172619048,7-Jul
48033,7/6/2025 12:00,0.172619048,7-Jul
48033,7/6/2025 13:00,0.172619048,7-Jul
48033,7/6/2025 14:00,0.172619048,7-Jul
48033,7/6/2025 15:00,0.172619048,7-Jul
48033,7/6/2025 16:00,0.089285714,7-Jul
48033,7/6/2025 17:00,0.005952381,7-Jul
48033,7/6/2025 18:00,0.005952381,7-Jul
48033,7/6/2025 19:00,0.005952381,7-Jul
48033,7/6/2025 20:00,0.005952381,7-Jul
48033,7/6/2025 21:00,0.005952381,7-Jul
48033,7/6/2025 22:00,0.005952381,7-Jul
48033,7/6/2025 23:00,0.005952381,7-Jul
48035,7/6/2025 0:00,0,7-Jul
48035,7/6/2025 1:00,0,7-Jul
48035,7/6/2025 2:00,0,7-Jul
48035,7/6/2025 3:00,0,7-Jul
48035,7/6/2025 4:00,0,7-Jul
48035,7/6/2025 5:00,0.005952381,7-Jul
48035,7/6/2025 6:00,0.005952381,7-Jul
48035,7/6/2025 7:00,0.005952381,7-Jul
48035,7/6/2025 8:00,0,7-Jul
48035,7/6/2025 9:00,0,7-Jul
48035,7/6/2025 10:00,0,7-Jul
48035,7/6/2025 11:00,0,7-Jul
48035,7/6/2025 12:00,0,7-Jul
48035,7/6/2025 13:00,0,7-Jul
48035,7/6/2025 14:00,0,7-Jul
48035,7/6/2025 15:00,0,7-Jul
48035,7/6/2025 16:00,0,7-Jul
48035,7/6/2025 17:00,0,7-Jul
48035,7/6/2025 18:00,0,7-Jul
48035,7/6/2025 19:00,0,7-Jul
48035,7/6/2025 20:00,0,7-Jul
48035,7/6/2025 21:00,0,7-Jul
48035,7/6/2025 22:00,0.005952381,7-Jul
48035,7/6/2025 23:00,0.005952381,7-Jul
48037,7/6/2025 0:00,0,7-Jul
48037,7/6/2025 1:00,0,7-Jul
48037,7/6/2025 2:00,0,7-Jul
48037,7/6/2025 3:00,0,7-Jul
48037,7/6/2025 4:00,0.013888889,7-Jul
48037,7/6/2025 5:00,0.013888889,7-Jul
48037,7/6/2025 6:00,0.013888889,7-Jul
48037,7/6/2025 7:00,0.013888889,7-Jul
48037,7/6/2025 8:00,0.013888889,7-Jul
48037,7/6/2025 9:00,0.013888889,7-Jul
48037,7/6/2025 10:00,0.013888889,7-Jul
48037,7/6/2025 11:00,0.027777778,7-Jul
48037,7/6/2025 12:00,0.027777778,7-Jul
48037,7/6/2025 13:00,0.027777778,7-Jul
48037,7/6/2025 14:00,0.027777778,7-Jul
48037,7/6/2025 15:00,0.013888889,7-Jul
48037,7/6/2025 16:00,0.013888889,7-Jul
48037,7/6/2025 17:00,0.013888889,7-Jul
48037,7/6/2025 18:00,0.013888889,7-Jul
48037,7/6/2025 19:00,0.013888889,7-Jul
48037,7/6/2025 20:00,0,7-Jul
48037,7/6/2025 21:00,0,7-Jul
48037,7/6/2025 22:00,0,7-Jul
48037,7/6/2025 23:00,0,7-Jul
48039,7/6/2025 0:00,0,7-Jul
48039,7/6/2025 1:00,0,7-Jul
48039,7/6/2025 2:00,0,7-Jul
48039,7/6/2025 3:00,0,7-Jul
48039,7/6/2025 4:00,0,7-Jul
48039,7/6/2025 5:00,0,7-Jul
48039,7/6/2025 6:00,0,7-Jul
48039,7/6/2025 7:00,0,7-Jul
48039,7/6/2025 8:00,0,7-Jul
48039,7/6/2025 9:00,0,7-Jul
48039,7/6/2025 10:00,0,7-Jul
48039,7/6/2025 11:00,0,7-Jul
48039,7/6/2025 12:00,0,7-Jul
48039,7/6/2025 13:00,0,7-Jul
48039,7/6/2025 14:00,0,7-Jul
48039,7/6/2025 15:00,0,7-Jul
48039,7/6/2025 16:00,0,7-Jul
48039,7/6/2025 17:00,0,7-Jul
48039,7/6/2025 18:00,0,7-Jul
48039,7/6/2025 19:00,0,7-Jul
48039,7/6/2025 20:00,0,7-Jul
48039,7/6/2025 21:00,0,7-Jul
48039,7/6/2025 22:00,0,7-Jul
48039,7/6/2025 23:00,0,7-Jul
48041,7/6/2025 0:00,0,7-Jul
48041,7/6/2025 1:00,0,7-Jul
48041,7/6/2025 2:00,0.006944444,7-Jul
48041,7/6/2025 3:00,0.006944444,7-Jul
48041,7/6/2025 4:00,0.013888889,7-Jul
48041,7/6/2025 5:00,0.013888889,7-Jul
48041,7/6/2025 6:00,0.006944444,7-Jul
48041,7/6/2025 7:00,0.006944444,7-Jul
48041,7/6/2025 8:00,0.006944444,7-Jul
48041,7/6/2025 9:00,0.006944444,7-Jul
48041,7/6/2025 10:00,0.006944444,7-Jul
48041,7/6/2025 11:00,0.006944444,7-Jul
48041,7/6/2025 12:00,0,7-Jul
48041,7/6/2025 13:00,0,7-Jul
48041,7/6/2025 14:00,0,7-Jul
48041,7/6/2025 15:00,0,7-Jul
48041,7/6/2025 16:00,0,7-Jul
48041,7/6/2025 17:00,0,7-Jul
48041,7/6/2025 18:00,0,7-Jul
48041,7/6/2025 19:00,0,7-Jul
48041,7/6/2025 20:00,0,7-Jul
48041,7/6/2025 21:00,0,7-Jul
48041,7/6/2025 22:00,0,7-Jul
48041,7/6/2025 23:00,0,7-Jul
48043,7/6/2025 0:00,0.020833333,7-Jul
48043,7/6/2025 1:00,0.03125,7-Jul
48043,7/6/2025 2:00,0.03125,7-Jul
48043,7/6/2025 3:00,0.03125,7-Jul
48043,7/6/2025 4:00,0.041666667,7-Jul
48043,7/6/2025 5:00,0.03125,7-Jul
48043,7/6/2025 6:00,0.052083333,7-Jul
48043,7/6/2025 7:00,0.09375,7-Jul
48043,7/6/2025 8:00,0.104166667,7-Jul
48043,7/6/2025 9:00,0.0625,7-Jul
48043,7/6/2025 10:00,0.0625,7-Jul
48043,7/6/2025 11:00,0.0625,7-Jul
48043,7/6/2025 12:00,0.0625,7-Jul
48043,7/6/2025 13:00,0.0625,7-Jul
48043,7/6/2025 14:00,0.0625,7-Jul
48043,7/6/2025 15:00,0.114583333,7-Jul
48043,7/6/2025 16:00,0.145833333,7-Jul
48043,7/6/2025 17:00,0.104166667,7-Jul
48043,7/6/2025 18:00,0.09375,7-Jul
48043,7/6/2025 19:00,0.09375,7-Jul
48043,7/6/2025 20:00,0.083333333,7-Jul
48043,7/6/2025 21:00,0.052083333,7-Jul
48043,7/6/2025 22:00,0.010416667,7-Jul
48043,7/6/2025 23:00,0.010416667,7-Jul
48045,7/6/2025 0:00,0.083333333,7-Jul
48045,7/6/2025 1:00,0.083333333,7-Jul
48045,7/6/2025 2:00,0.090277778,7-Jul
48045,7/6/2025 3:00,0.097222222,7-Jul
48045,7/6/2025 4:00,0.097222222,7-Jul
48045,7/6/2025 5:00,0.097222222,7-Jul
48045,7/6/2025 6:00,0.166666667,7-Jul
48045,7/6/2025 7:00,0.201388889,7-Jul
48045,7/6/2025 8:00,0.194444444,7-Jul
48045,7/6/2025 9:00,0.201388889,7-Jul
48045,7/6/2025 10:00,0.208333333,7-Jul
48045,7/6/2025 11:00,0.208333333,7-Jul
48045,7/6/2025 12:00,0.215277778,7-Jul
48045,7/6/2025 13:00,0.215277778,7-Jul
48045,7/6/2025 14:00,0.215277778,7-Jul
48045,7/6/2025 15:00,0.215277778,7-Jul
48045,7/6/2025 16:00,0.215277778,7-Jul
48045,7/6/2025 17:00,0.201388889,7-Jul
48045,7/6/2025 18:00,0.111111111,7-Jul
48045,7/6/2025 19:00,0.020833333,7-Jul
48045,7/6/2025 20:00,0.020833333,7-Jul
48045,7/6/2025 21:00,0.020833333,7-Jul
48045,7/6/2025 22:00,0.020833333,7-Jul
48045,7/6/2025 23:00,0.020833333,7-Jul
48047,7/6/2025 0:00,0.011904762,7-Jul
48047,7/6/2025 1:00,0.011904762,7-Jul
48047,7/6/2025 2:00,0.011904762,7-Jul
48047,7/6/2025 3:00,0.011904762,7-Jul
48047,7/6/2025 4:00,0.011904762,7-Jul
48047,7/6/2025 5:00,0.005952381,7-Jul
48047,7/6/2025 6:00,0.005952381,7-Jul
48047,7/6/2025 7:00,0.047619048,7-Jul
48047,7/6/2025 8:00,0.089285714,7-Jul
48047,7/6/2025 9:00,0.089285714,7-Jul
48047,7/6/2025 10:00,0.095238095,7-Jul
48047,7/6/2025 11:00,0.095238095,7-Jul
48047,7/6/2025 12:00,0.095238095,7-Jul
48047,7/6/2025 13:00,0.095238095,7-Jul
48047,7/6/2025 14:00,0.095238095,7-Jul
48047,7/6/2025 15:00,0.095238095,7-Jul
48047,7/6/2025 16:00,0.047619048,7-Jul
48047,7/6/2025 17:00,0.005952381,7-Jul
48047,7/6/2025 18:00,0.005952381,7-Jul
48047,7/6/2025 19:00,0.011904762,7-Jul
48047,7/6/2025 20:00,0.005952381,7-Jul
48047,7/6/2025 21:00,0.011904762,7-Jul
48047,7/6/2025 22:00,0,7-Jul
48047,7/6/2025 23:00,0,7-Jul
48049,7/6/2025 0:00,0,7-Jul
48049,7/6/2025 1:00,0,7-Jul
48049,7/6/2025 2:00,0,7-Jul
48049,7/6/2025 3:00,0,7-Jul
48049,7/6/2025 4:00,0,7-Jul
48049,7/6/2025 5:00,0,7-Jul
48049,7/6/2025 6:00,0,7-Jul
48049,7/6/2025 7:00,0,7-Jul
48049,7/6/2025 8:00,0,7-Jul
48049,7/6/2025 9:00,0,7-Jul
48049,7/6/2025 10:00,0,7-Jul
48049,7/6/2025 11:00,0,7-Jul
48049,7/6/2025 12:00,0,7-Jul
48049,7/6/2025 13:00,0,7-Jul
48049,7/6/2025 14:00,0,7-Jul
48049,7/6/2025 15:00,0,7-Jul
48049,7/6/2025 16:00,0,7-Jul
48049,7/6/2025 17:00,0,7-Jul
48049,7/6/2025 18:00,0,7-Jul
48049,7/6/2025 19:00,0,7-Jul
48049,7/6/2025 20:00,0,7-Jul
48049,7/6/2025 21:00,0,7-Jul
48049,7/6/2025 22:00,0,7-Jul
48049,7/6/2025 23:00,0,7-Jul
48051,7/6/2025 0:00,0,7-Jul
48051,7/6/2025 1:00,0,7-Jul
48051,7/6/2025 2:00,0.041666667,7-Jul
48051,7/6/2025 3:00,0.083333333,7-Jul
48051,7/6/2025 4:00,0.083333333,7-Jul
48051,7/6/2025 5:00,0.083333333,7-Jul
48051,7/6/2025 6:00,0.083333333,7-Jul
48051,7/6/2025 7:00,0.083333333,7-Jul
48051,7/6/2025 8:00,0.083333333,7-Jul
48051,7/6/2025 9:00,0.083333333,7-Jul
48051,7/6/2025 10:00,0.083333333,7-Jul
48051,7/6/2025 11:00,0.083333333,7-Jul
48051,7/6/2025 12:00,0.041666667,7-Jul
48051,7/6/2025 13:00,0,7-Jul
48051,7/6/2025 14:00,0,7-Jul
48051,7/6/2025 15:00,0,7-Jul
48051,7/6/2025 16:00,0,7-Jul
48051,7/6/2025 17:00,0,7-Jul
48051,7/6/2025 18:00,0,7-Jul
48051,7/6/2025 19:00,0,7-Jul
48051,7/6/2025 20:00,0,7-Jul
48051,7/6/2025 21:00,0,7-Jul
48051,7/6/2025 22:00,0,7-Jul
48051,7/6/2025 23:00,0,7-Jul
48053,7/6/2025 0:00,0,7-Jul
48053,7/6/2025 1:00,0,7-Jul
48053,7/6/2025 2:00,0,7-Jul
48053,7/6/2025 3:00,0,7-Jul
48053,7/6/2025 4:00,0,7-Jul
48053,7/6/2025 5:00,0,7-Jul
48053,7/6/2025 6:00,0,7-Jul
48053,7/6/2025 7:00,0,7-Jul
48053,7/6/2025 8:00,0,7-Jul
48053,7/6/2025 9:00,0,7-Jul
48053,7/6/2025 10:00,0,7-Jul
48053,7/6/2025 11:00,0,7-Jul
48053,7/6/2025 12:00,0,7-Jul
48053,7/6/2025 13:00,0,7-Jul
48053,7/6/2025 14:00,0,7-Jul
48053,7/6/2025 15:00,0,7-Jul
48053,7/6/2025 16:00,0,7-Jul
48053,7/6/2025 17:00,0,7-Jul
48053,7/6/2025 18:00,0,7-Jul
48053,7/6/2025 19:00,0,7-Jul
48053,7/6/2025 20:00,0,7-Jul
48053,7/6/2025 21:00,0,7-Jul
48053,7/6/2025 22:00,0,7-Jul
48053,7/6/2025 23:00,0,7-Jul
48055,7/6/2025 0:00,0,7-Jul
48055,7/6/2025 1:00,0,7-Jul
48055,7/6/2025 2:00,0,7-Jul
48055,7/6/2025 3:00,0,7-Jul
48055,7/6/2025 4:00,0,7-Jul
48055,7/6/2025 5:00,0,7-Jul
48055,7/6/2025 6:00,0,7-Jul
48055,7/6/2025 7:00,0,7-Jul
48055,7/6/2025 8:00,0,7-Jul
48055,7/6/2025 9:00,0,7-Jul
48055,7/6/2025 10:00,0,7-Jul
48055,7/6/2025 11:00,0,7-Jul
48055,7/6/2025 12:00,0,7-Jul
48055,7/6/2025 13:00,0,7-Jul
48055,7/6/2025 14:00,0,7-Jul
48055,7/6/2025 15:00,0,7-Jul
48055,7/6/2025 16:00,0,7-Jul
48055,7/6/2025 17:00,0,7-Jul
48055,7/6/2025 18:00,0,7-Jul
48055,7/6/2025 19:00,0,7-Jul
48055,7/6/2025 20:00,0,7-Jul
48055,7/6/2025 21:00,0,7-Jul
48055,7/6/2025 22:00,0,7-Jul
48055,7/6/2025 23:00,0,7-Jul
48057,7/6/2025 0:00,0,7-Jul
48057,7/6/2025 1:00,0,7-Jul
48057,7/6/2025 2:00,0,7-Jul
48057,7/6/2025 3:00,0,7-Jul
48057,7/6/2025 4:00,0,7-Jul
48057,7/6/2025 5:00,0,7-Jul
48057,7/6/2025 6:00,0,7-Jul
48057,7/6/2025 7:00,0,7-Jul
48057,7/6/2025 8:00,0,7-Jul
48057,7/6/2025 9:00,0.008333333,7-Jul
48057,7/6/2025 10:00,0.008333333,7-Jul
48057,7/6/2025 11:00,0.008333333,7-Jul
48057,7/6/2025 12:00,0,7-Jul
48057,7/6/2025 13:00,0,7-Jul
48057,7/6/2025 14:00,0,7-Jul
48057,7/6/2025 15:00,0,7-Jul
48057,7/6/2025 16:00,0,7-Jul
48057,7/6/2025 17:00,0.008333333,7-Jul
48057,7/6/2025 18:00,0.008333333,7-Jul
48057,7/6/2025 19:00,0.008333333,7-Jul
48057,7/6/2025 20:00,0.008333333,7-Jul
48057,7/6/2025 21:00,0.008333333,7-Jul
48057,7/6/2025 22:00,0.008333333,7-Jul
48057,7/6/2025 23:00,0.008333333,7-Jul
48059,7/6/2025 0:00,0,7-Jul
48059,7/6/2025 1:00,0,7-Jul
48059,7/6/2025 2:00,0,7-Jul
48059,7/6/2025 3:00,0,7-Jul
48059,7/6/2025 4:00,0,7-Jul
48059,7/6/2025 5:00,0,7-Jul
48059,7/6/2025 6:00,0,7-Jul
48059,7/6/2025 7:00,0,7-Jul
48059,7/6/2025 8:00,0,7-Jul
48059,7/6/2025 9:00,0,7-Jul
48059,7/6/2025 10:00,0,7-Jul
48059,7/6/2025 11:00,0,7-Jul
48059,7/6/2025 12:00,0,7-Jul
48059,7/6/2025 13:00,0,7-Jul
48059,7/6/2025 14:00,0,7-Jul
48059,7/6/2025 15:00,0,7-Jul
48059,7/6/2025 16:00,0,7-Jul
48059,7/6/2025 17:00,0,7-Jul
48059,7/6/2025 18:00,0,7-Jul
48059,7/6/2025 19:00,0,7-Jul
48059,7/6/2025 20:00,0,7-Jul
48059,7/6/2025 21:00,0,7-Jul
48059,7/6/2025 22:00,0,7-Jul
48059,7/6/2025 23:00,0,7-Jul
48061,7/6/2025 0:00,0,7-Jul
48061,7/6/2025 1:00,0,7-Jul
48061,7/6/2025 2:00,0,7-Jul
48061,7/6/2025 3:00,0,7-Jul
48061,7/6/2025 4:00,0,7-Jul
48061,7/6/2025 5:00,0,7-Jul
48061,7/6/2025 6:00,0,7-Jul
48061,7/6/2025 7:00,0,7-Jul
48061,7/6/2025 8:00,0,7-Jul
48061,7/6/2025 9:00,0,7-Jul
48061,7/6/2025 10:00,0,7-Jul
48061,7/6/2025 11:00,0,7-Jul
48061,7/6/2025 12:00,0,7-Jul
48061,7/6/2025 13:00,0,7-Jul
48061,7/6/2025 14:00,0,7-Jul
48061,7/6/2025 15:00,0,7-Jul
48061,7/6/2025 16:00,0,7-Jul
48061,7/6/2025 17:00,0,7-Jul
48061,7/6/2025 18:00,0,7-Jul
48061,7/6/2025 19:00,0,7-Jul
48061,7/6/2025 20:00,0,7-Jul
48061,7/6/2025 21:00,0,7-Jul
48061,7/6/2025 22:00,0,7-Jul
48061,7/6/2025 23:00,0.020833333,7-Jul
48063,7/6/2025 0:00,0,7-Jul
48063,7/6/2025 1:00,0,7-Jul
48063,7/6/2025 2:00,0,7-Jul
48063,7/6/2025 3:00,0,7-Jul
48063,7/6/2025 4:00,0.008333333,7-Jul
48063,7/6/2025 5:00,0.008333333,7-Jul
48063,7/6/2025 6:00,0.008333333,7-Jul
48063,7/6/2025 7:00,0.008333333,7-Jul
48063,7/6/2025 8:00,0.008333333,7-Jul
48063,7/6/2025 9:00,0.008333333,7-Jul
48063,7/6/2025 10:00,0.008333333,7-Jul
48063,7/6/2025 11:00,0.008333333,7-Jul
48063,7/6/2025 12:00,0.008333333,7-Jul
48063,7/6/2025 13:00,0.008333333,7-Jul
48063,7/6/2025 14:00,0.008333333,7-Jul
48063,7/6/2025 15:00,0.016666667,7-Jul
48063,7/6/2025 16:00,0.008333333,7-Jul
48063,7/6/2025 17:00,0,7-Jul
48063,7/6/2025 18:00,0,7-Jul
48063,7/6/2025 19:00,0,7-Jul
48063,7/6/2025 20:00,0,7-Jul
48063,7/6/2025 21:00,0,7-Jul
48063,7/6/2025 22:00,0,7-Jul
48063,7/6/2025 23:00,0,7-Jul
48065,7/6/2025 0:00,0,7-Jul
48065,7/6/2025 1:00,0,7-Jul
48065,7/6/2025 2:00,0,7-Jul
48065,7/6/2025 3:00,0,7-Jul
48065,7/6/2025 4:00,0,7-Jul
48065,7/6/2025 5:00,0,7-Jul
48065,7/6/2025 6:00,0.005208333,7-Jul
48065,7/6/2025 7:00,0.005208333,7-Jul
48065,7/6/2025 8:00,0,7-Jul
48065,7/6/2025 9:00,0,7-Jul
48065,7/6/2025 10:00,0,7-Jul
48065,7/6/2025 11:00,0,7-Jul
48065,7/6/2025 12:00,0.005208333,7-Jul
48065,7/6/2025 13:00,0.015625,7-Jul
48065,7/6/2025 14:00,0.010416667,7-Jul
48065,7/6/2025 15:00,0.015625,7-Jul
48065,7/6/2025 16:00,0.015625,7-Jul
48065,7/6/2025 17:00,0.015625,7-Jul
48065,7/6/2025 18:00,0.015625,7-Jul
48065,7/6/2025 19:00,0.015625,7-Jul
48065,7/6/2025 20:00,0.015625,7-Jul
48065,7/6/2025 21:00,0.015625,7-Jul
48065,7/6/2025 22:00,0.015625,7-Jul
48065,7/6/2025 23:00,0.015625,7-Jul
48067,7/6/2025 0:00,0,7-Jul
48067,7/6/2025 1:00,0,7-Jul
48067,7/6/2025 2:00,0,7-Jul
48067,7/6/2025 3:00,0,7-Jul
48067,7/6/2025 4:00,0.013888889,7-Jul
48067,7/6/2025 5:00,0.013888889,7-Jul
48067,7/6/2025 6:00,0.013888889,7-Jul
48067,7/6/2025 7:00,0.013888889,7-Jul
48067,7/6/2025 8:00,0.013888889,7-Jul
48067,7/6/2025 9:00,0.013888889,7-Jul
48067,7/6/2025 10:00,0.013888889,7-Jul
48067,7/6/2025 11:00,0.055555556,7-Jul
48067,7/6/2025 12:00,0.097222222,7-Jul
48067,7/6/2025 13:00,0.097222222,7-Jul
48067,7/6/2025 14:00,0.097222222,7-Jul
48067,7/6/2025 15:00,0.055555556,7-Jul
48067,7/6/2025 16:00,0.013888889,7-Jul
48067,7/6/2025 17:00,0.041666667,7-Jul
48067,7/6/2025 18:00,0.083333333,7-Jul
48067,7/6/2025 19:00,0.083333333,7-Jul
48067,7/6/2025 20:00,0.041666667,7-Jul
48067,7/6/2025 21:00,0,7-Jul
48067,7/6/2025 22:00,0,7-Jul
48067,7/6/2025 23:00,0,7-Jul
48069,7/6/2025 0:00,0.041666667,7-Jul
48069,7/6/2025 1:00,0.083333333,7-Jul
48069,7/6/2025 2:00,0.083333333,7-Jul
48069,7/6/2025 3:00,0.083333333,7-Jul
48069,7/6/2025 4:00,0.083333333,7-Jul
48069,7/6/2025 5:00,0.083333333,7-Jul
48069,7/6/2025 6:00,0.083333333,7-Jul
48069,7/6/2025 7:00,0.083333333,7-Jul
48069,7/6/2025 8:00,0.083333333,7-Jul
48069,7/6/2025 9:00,0.083333333,7-Jul
48069,7/6/2025 10:00,0.131944444,7-Jul
48069,7/6/2025 11:00,0.173611111,7-Jul
48069,7/6/2025 12:00,0.166666667,7-Jul
48069,7/6/2025 13:00,0.166666667,7-Jul
48069,7/6/2025 14:00,0.166666667,7-Jul
48069,7/6/2025 15:00,0.166666667,7-Jul
48069,7/6/2025 16:00,0.166666667,7-Jul
48069,7/6/2025 17:00,0.125,7-Jul
48069,7/6/2025 18:00,0.083333333,7-Jul
48069,7/6/2025 19:00,0.083333333,7-Jul
48069,7/6/2025 20:00,0.083333333,7-Jul
48069,7/6/2025 21:00,0.083333333,7-Jul
48069,7/6/2025 22:00,0.083333333,7-Jul
48069,7/6/2025 23:00,0.083333333,7-Jul
48071,7/6/2025 0:00,0,7-Jul
48071,7/6/2025 1:00,0,7-Jul
48071,7/6/2025 2:00,0,7-Jul
48071,7/6/2025 3:00,0,7-Jul
48071,7/6/2025 4:00,0,7-Jul
48071,7/6/2025 5:00,0,7-Jul
48071,7/6/2025 6:00,0,7-Jul
48071,7/6/2025 7:00,0,7-Jul
48071,7/6/2025 8:00,0,7-Jul
48071,7/6/2025 9:00,0,7-Jul
48071,7/6/2025 10:00,0,7-Jul
48071,7/6/2025 11:00,0,7-Jul
48071,7/6/2025 12:00,0,7-Jul
48071,7/6/2025 13:00,0,7-Jul
48071,7/6/2025 14:00,0,7-Jul
48071,7/6/2025 15:00,0,7-Jul
48071,7/6/2025 16:00,0,7-Jul
48071,7/6/2025 17:00,0,7-Jul
48071,7/6/2025 18:00,0,7-Jul
48071,7/6/2025 19:00,0,7-Jul
48071,7/6/2025 20:00,0,7-Jul
48071,7/6/2025 21:00,0,7-Jul
48071,7/6/2025 22:00,0,7-Jul
48071,7/6/2025 23:00,0,7-Jul
48073,7/6/2025 0:00,0,7-Jul
48073,7/6/2025 1:00,0,7-Jul
48073,7/6/2025 2:00,0,7-Jul
48073,7/6/2025 3:00,0,7-Jul
48073,7/6/2025 4:00,0,7-Jul
48073,7/6/2025 5:00,0,7-Jul
48073,7/6/2025 6:00,0,7-Jul
48073,7/6/2025 7:00,0,7-Jul
48073,7/6/2025 8:00,0,7-Jul
48073,7/6/2025 9:00,0.011904762,7-Jul
48073,7/6/2025 10:00,0.011904762,7-Jul
48073,7/6/2025 11:00,0.017857143,7-Jul
48073,7/6/2025 12:00,0.017857143,7-Jul
48073,7/6/2025 13:00,0.017857143,7-Jul
48073,7/6/2025 14:00,0.017857143,7-Jul
48073,7/6/2025 15:00,0.017857143,7-Jul
48073,7/6/2025 16:00,0.017857143,7-Jul
48073,7/6/2025 17:00,0.017857143,7-Jul
48073,7/6/2025 18:00,0.017857143,7-Jul
48073,7/6/2025 19:00,0.017857143,7-Jul
48073,7/6/2025 20:00,0.011904762,7-Jul
48073,7/6/2025 21:00,0.005952381,7-Jul
48073,7/6/2025 22:00,0.005952381,7-Jul
48073,7/6/2025 23:00,0.005952381,7-Jul
48075,7/6/2025 0:00,0,7-Jul
48075,7/6/2025 1:00,0,7-Jul
48075,7/6/2025 2:00,0.010416667,7-Jul
48075,7/6/2025 3:00,0.020833333,7-Jul
48075,7/6/2025 4:00,0.020833333,7-Jul
48075,7/6/2025 5:00,0.020833333,7-Jul
48075,7/6/2025 6:00,0.0625,7-Jul
48075,7/6/2025 7:00,0.0625,7-Jul
48075,7/6/2025 8:00,0.041666667,7-Jul
48075,7/6/2025 9:00,0.0625,7-Jul
48075,7/6/2025 10:00,0.083333333,7-Jul
48075,7/6/2025 11:00,0.083333333,7-Jul
48075,7/6/2025 12:00,0.083333333,7-Jul
48075,7/6/2025 13:00,0.083333333,7-Jul
48075,7/6/2025 14:00,0.083333333,7-Jul
48075,7/6/2025 15:00,0.0625,7-Jul
48075,7/6/2025 16:00,0.0625,7-Jul
48075,7/6/2025 17:00,0.041666667,7-Jul
48075,7/6/2025 18:00,0.03125,7-Jul
48075,7/6/2025 19:00,0.03125,7-Jul
48075,7/6/2025 20:00,0.03125,7-Jul
48075,7/6/2025 21:00,0.03125,7-Jul
48075,7/6/2025 22:00,0.03125,7-Jul
48075,7/6/2025 23:00,0.03125,7-Jul
48077,7/6/2025 0:00,0,7-Jul
48077,7/6/2025 1:00,0,7-Jul
48077,7/6/2025 2:00,0.010416667,7-Jul
48077,7/6/2025 3:00,0,7-Jul
48077,7/6/2025 4:00,0,7-Jul
48077,7/6/2025 5:00,0,7-Jul
48077,7/6/2025 6:00,0,7-Jul
48077,7/6/2025 7:00,0,7-Jul
48077,7/6/2025 8:00,0,7-Jul
48077,7/6/2025 9:00,0,7-Jul
48077,7/6/2025 10:00,0,7-Jul
48077,7/6/2025 11:00,0,7-Jul
48077,7/6/2025 12:00,0,7-Jul
48077,7/6/2025 13:00,0,7-Jul
48077,7/6/2025 14:00,0,7-Jul
48077,7/6/2025 15:00,0.010416667,7-Jul
48077,7/6/2025 16:00,0.010416667,7-Jul
48077,7/6/2025 17:00,0.010416667,7-Jul
48077,7/6/2025 18:00,0,7-Jul
48077,7/6/2025 19:00,0,7-Jul
48077,7/6/2025 20:00,0,7-Jul
48077,7/6/2025 21:00,0.010416667,7-Jul
48077,7/6/2025 22:00,0,7-Jul
48077,7/6/2025 23:00,0,7-Jul
48079,7/6/2025 0:00,0,7-Jul
48079,7/6/2025 1:00,0,7-Jul
48079,7/6/2025 2:00,0.008333333,7-Jul
48079,7/6/2025 3:00,0,7-Jul
48079,7/6/2025 4:00,0,7-Jul
48079,7/6/2025 5:00,0.008333333,7-Jul
48079,7/6/2025 6:00,0.016666667,7-Jul
48079,7/6/2025 7:00,0.058333333,7-Jul
48079,7/6/2025 8:00,0.1,7-Jul
48079,7/6/2025 9:00,0.1,7-Jul
48079,7/6/2025 10:00,0.1,7-Jul
48079,7/6/2025 11:00,0.1,7-Jul
48079,7/6/2025 12:00,0.1,7-Jul
48079,7/6/2025 13:00,0.1,7-Jul
48079,7/6/2025 14:00,0.1,7-Jul
48079,7/6/2025 15:00,0.1,7-Jul
48079,7/6/2025 16:00,0.1,7-Jul
48079,7/6/2025 17:00,0.108333333,7-Jul
48079,7/6/2025 18:00,0.091666667,7-Jul
48079,7/6/2025 19:00,0.091666667,7-Jul
48079,7/6/2025 20:00,0.083333333,7-Jul
48079,7/6/2025 21:00,0.083333333,7-Jul
48079,7/6/2025 22:00,0.083333333,7-Jul
48079,7/6/2025 23:00,0.083333333,7-Jul
48081,7/6/2025 0:00,0,7-Jul
48081,7/6/2025 1:00,0,7-Jul
48081,7/6/2025 2:00,0,7-Jul
48081,7/6/2025 3:00,0,7-Jul
48081,7/6/2025 4:00,0,7-Jul
48081,7/6/2025 5:00,0.041666667,7-Jul
48081,7/6/2025 6:00,0.083333333,7-Jul
48081,7/6/2025 7:00,0.083333333,7-Jul
48081,7/6/2025 8:00,0.083333333,7-Jul
48081,7/6/2025 9:00,0.083333333,7-Jul
48081,7/6/2025 10:00,0.083333333,7-Jul
48081,7/6/2025 11:00,0.083333333,7-Jul
48081,7/6/2025 12:00,0.083333333,7-Jul
48081,7/6/2025 13:00,0.083333333,7-Jul
48081,7/6/2025 14:00,0.083333333,7-Jul
48081,7/6/2025 15:00,0.083333333,7-Jul
48081,7/6/2025 16:00,0.083333333,7-Jul
48081,7/6/2025 17:00,0.083333333,7-Jul
48081,7/6/2025 18:00,0.083333333,7-Jul
48081,7/6/2025 19:00,0.083333333,7-Jul
48081,7/6/2025 20:00,0.083333333,7-Jul
48081,7/6/2025 21:00,0.083333333,7-Jul
48081,7/6/2025 22:00,0.041666667,7-Jul
48081,7/6/2025 23:00,0,7-Jul
48083,7/6/2025 0:00,0,7-Jul
48083,7/6/2025 1:00,0,7-Jul
48083,7/6/2025 2:00,0,7-Jul
48083,7/6/2025 3:00,0,7-Jul
48083,7/6/2025 4:00,0,7-Jul
48083,7/6/2025 5:00,0,7-Jul
48083,7/6/2025 6:00,0,7-Jul
48083,7/6/2025 7:00,0,7-Jul
48083,7/6/2025 8:00,0,7-Jul
48083,7/6/2025 9:00,0,7-Jul
48083,7/6/2025 10:00,0,7-Jul
48083,7/6/2025 11:00,0,7-Jul
48083,7/6/2025 12:00,0,7-Jul
48083,7/6/2025 13:00,0,7-Jul
48083,7/6/2025 14:00,0,7-Jul
48083,7/6/2025 15:00,0,7-Jul
48083,7/6/2025 16:00,0,7-Jul
48083,7/6/2025 17:00,0,7-Jul
48083,7/6/2025 18:00,0,7-Jul
48083,7/6/2025 19:00,0,7-Jul
48083,7/6/2025 20:00,0,7-Jul
48083,7/6/2025 21:00,0,7-Jul
48083,7/6/2025 22:00,0,7-Jul
48083,7/6/2025 23:00,0,7-Jul
48085,7/6/2025 0:00,0,7-Jul
48085,7/6/2025 1:00,0,7-Jul
48085,7/6/2025 2:00,0,7-Jul
48085,7/6/2025 3:00,0,7-Jul
48085,7/6/2025 4:00,0,7-Jul
48085,7/6/2025 5:00,0,7-Jul
48085,7/6/2025 6:00,0,7-Jul
48085,7/6/2025 7:00,0,7-Jul
48085,7/6/2025 8:00,0,7-Jul
48085,7/6/2025 9:00,0,7-Jul
48085,7/6/2025 10:00,0,7-Jul
48085,7/6/2025 11:00,0,7-Jul
48085,7/6/2025 12:00,0,7-Jul
48085,7/6/2025 13:00,0,7-Jul
48085,7/6/2025 14:00,0.006944444,7-Jul
48085,7/6/2025 15:00,0,7-Jul
48085,7/6/2025 16:00,0,7-Jul
48085,7/6/2025 17:00,0,7-Jul
48085,7/6/2025 18:00,0,7-Jul
48085,7/6/2025 19:00,0,7-Jul
48085,7/6/2025 20:00,0,7-Jul
48085,7/6/2025 21:00,0,7-Jul
48085,7/6/2025 22:00,0.006944444,7-Jul
48085,7/6/2025 23:00,0.006944444,7-Jul
48087,7/6/2025 0:00,0,7-Jul
48087,7/6/2025 1:00,0,7-Jul
48087,7/6/2025 2:00,0,7-Jul
48087,7/6/2025 3:00,0,7-Jul
48087,7/6/2025 4:00,0,7-Jul
48087,7/6/2025 5:00,0,7-Jul
48087,7/6/2025 6:00,0.016666667,7-Jul
48087,7/6/2025 7:00,0.008333333,7-Jul
48087,7/6/2025 8:00,0.008333333,7-Jul
48087,7/6/2025 9:00,0.008333333,7-Jul
48087,7/6/2025 10:00,0.058333333,7-Jul
48087,7/6/2025 11:00,0.1,7-Jul
48087,7/6/2025 12:00,0.1,7-Jul
48087,7/6/2025 13:00,0.1,7-Jul
48087,7/6/2025 14:00,0.1,7-Jul
48087,7/6/2025 15:00,0.058333333,7-Jul
48087,7/6/2025 16:00,0.016666667,7-Jul
48087,7/6/2025 17:00,0.016666667,7-Jul
48087,7/6/2025 18:00,0.008333333,7-Jul
48087,7/6/2025 19:00,0.008333333,7-Jul
48087,7/6/2025 20:00,0.008333333,7-Jul
48087,7/6/2025 21:00,0.008333333,7-Jul
48087,7/6/2025 22:00,0.008333333,7-Jul
48087,7/6/2025 23:00,0.008333333,7-Jul
48089,7/6/2025 0:00,0,7-Jul
48089,7/6/2025 1:00,0,7-Jul
48089,7/6/2025 2:00,0,7-Jul
48089,7/6/2025 3:00,0,7-Jul
48089,7/6/2025 4:00,0,7-Jul
48089,7/6/2025 5:00,0,7-Jul
48089,7/6/2025 6:00,0,7-Jul
48089,7/6/2025 7:00,0,7-Jul
48089,7/6/2025 8:00,0,7-Jul
48089,7/6/2025 9:00,0,7-Jul
48089,7/6/2025 10:00,0,7-Jul
48089,7/6/2025 11:00,0,7-Jul
48089,7/6/2025 12:00,0,7-Jul
48089,7/6/2025 13:00,0,7-Jul
48089,7/6/2025 14:00,0,7-Jul
48089,7/6/2025 15:00,0,7-Jul
48089,7/6/2025 16:00,0,7-Jul
48089,7/6/2025 17:00,0,7-Jul
48089,7/6/2025 18:00,0,7-Jul
48089,7/6/2025 19:00,0,7-Jul
48089,7/6/2025 20:00,0,7-Jul
48089,7/6/2025 21:00,0,7-Jul
48089,7/6/2025 22:00,0,7-Jul
48089,7/6/2025 23:00,0,7-Jul
48091,7/6/2025 0:00,0,7-Jul
48091,7/6/2025 1:00,0,7-Jul
48091,7/6/2025 2:00,0,7-Jul
48091,7/6/2025 3:00,0,7-Jul
48091,7/6/2025 4:00,0,7-Jul
48091,7/6/2025 5:00,0,7-Jul
48091,7/6/2025 6:00,0,7-Jul
48091,7/6/2025 7:00,0,7-Jul
48091,7/6/2025 8:00,0,7-Jul
48091,7/6/2025 9:00,0,7-Jul
48091,7/6/2025 10:00,0,7-Jul
48091,7/6/2025 11:00,0,7-Jul
48091,7/6/2025 12:00,0,7-Jul
48091,7/6/2025 13:00,0,7-Jul
48091,7/6/2025 14:00,0,7-Jul
48091,7/6/2025 15:00,0,7-Jul
48091,7/6/2025 16:00,0,7-Jul
48091,7/6/2025 17:00,0,7-Jul
48091,7/6/2025 18:00,0,7-Jul
48091,7/6/2025 19:00,0,7-Jul
48091,7/6/2025 20:00,0,7-Jul
48091,7/6/2025 21:00,0,7-Jul
48091,7/6/2025 22:00,0,7-Jul
48091,7/6/2025 23:00,0,7-Jul
48093,7/6/2025 0:00,0,7-Jul
48093,7/6/2025 1:00,0,7-Jul
48093,7/6/2025 2:00,0,7-Jul
48093,7/6/2025 3:00,0,7-Jul
48093,7/6/2025 4:00,0,7-Jul
48093,7/6/2025 5:00,0,7-Jul
48093,7/6/2025 6:00,0,7-Jul
48093,7/6/2025 7:00,0,7-Jul
48093,7/6/2025 8:00,0,7-Jul
48093,7/6/2025 9:00,0,7-Jul
48093,7/6/2025 10:00,0,7-Jul
48093,7/6/2025 11:00,0,7-Jul
48093,7/6/2025 12:00,0,7-Jul
48093,7/6/2025 13:00,0,7-Jul
48093,7/6/2025 14:00,0,7-Jul
48093,7/6/2025 15:00,0,7-Jul
48093,7/6/2025 16:00,0,7-Jul
48093,7/6/2025 17:00,0,7-Jul
48093,7/6/2025 18:00,0,7-Jul
48093,7/6/2025 19:00,0,7-Jul
48093,7/6/2025 20:00,0,7-Jul
48093,7/6/2025 21:00,0,7-Jul
48093,7/6/2025 22:00,0,7-Jul
48093,7/6/2025 23:00,0,7-Jul
48095,7/6/2025 0:00,0,7-Jul
48095,7/6/2025 1:00,0,7-Jul
48095,7/6/2025 2:00,0,7-Jul
48095,7/6/2025 3:00,0,7-Jul
48095,7/6/2025 4:00,0,7-Jul
48095,7/6/2025 5:00,0,7-Jul
48095,7/6/2025 6:00,0,7-Jul
48095,7/6/2025 7:00,0.006944444,7-Jul
48095,7/6/2025 8:00,0.006944444,7-Jul
48095,7/6/2025 9:00,0.006944444,7-Jul
48095,7/6/2025 10:00,0.006944444,7-Jul
48095,7/6/2025 11:00,0.006944444,7-Jul
48095,7/6/2025 12:00,0.013888889,7-Jul
48095,7/6/2025 13:00,0.013888889,7-Jul
48095,7/6/2025 14:00,0.013888889,7-Jul
48095,7/6/2025 15:00,0.006944444,7-Jul
48095,7/6/2025 16:00,0,7-Jul
48095,7/6/2025 17:00,0,7-Jul
48095,7/6/2025 18:00,0,7-Jul
48095,7/6/2025 19:00,0,7-Jul
48095,7/6/2025 20:00,0,7-Jul
48095,7/6/2025 21:00,0,7-Jul
48095,7/6/2025 22:00,0,7-Jul
48095,7/6/2025 23:00,0,7-Jul
48097,7/6/2025 0:00,0,7-Jul
48097,7/6/2025 1:00,0,7-Jul
48097,7/6/2025 2:00,0,7-Jul
48097,7/6/2025 3:00,0,7-Jul
48097,7/6/2025 4:00,0,7-Jul
48097,7/6/2025 5:00,0,7-Jul
48097,7/6/2025 6:00,0,7-Jul
48097,7/6/2025 7:00,0,7-Jul
48097,7/6/2025 8:00,0,7-Jul
48097,7/6/2025 9:00,0,7-Jul
48097,7/6/2025 10:00,0,7-Jul
48097,7/6/2025 11:00,0,7-Jul
48097,7/6/2025 12:00,0,7-Jul
48097,7/6/2025 13:00,0,7-Jul
48097,7/6/2025 14:00,0,7-Jul
48097,7/6/2025 15:00,0,7-Jul
48097,7/6/2025 16:00,0,7-Jul
48097,7/6/2025 17:00,0,7-Jul
48097,7/6/2025 18:00,0,7-Jul
48097,7/6/2025 19:00,0,7-Jul
48097,7/6/2025 20:00,0,7-Jul
48097,7/6/2025 21:00,0.010416667,7-Jul
48097,7/6/2025 22:00,0,7-Jul
48097,7/6/2025 23:00,0,7-Jul
48099,7/6/2025 0:00,0,7-Jul
48099,7/6/2025 1:00,0,7-Jul
48099,7/6/2025 2:00,0,7-Jul
48099,7/6/2025 3:00,0,7-Jul
48099,7/6/2025 4:00,0,7-Jul
48099,7/6/2025 5:00,0,7-Jul
48099,7/6/2025 6:00,0,7-Jul
48099,7/6/2025 7:00,0,7-Jul
48099,7/6/2025 8:00,0,7-Jul
48099,7/6/2025 9:00,0,7-Jul
48099,7/6/2025 10:00,0,7-Jul
48099,7/6/2025 11:00,0,7-Jul
48099,7/6/2025 12:00,0,7-Jul
48099,7/6/2025 13:00,0,7-Jul
48099,7/6/2025 14:00,0,7-Jul
48099,7/6/2025 15:00,0,7-Jul
48099,7/6/2025 16:00,0,7-Jul
48099,7/6/2025 17:00,0,7-Jul
48099,7/6/2025 18:00,0,7-Jul
48099,7/6/2025 19:00,0,7-Jul
48099,7/6/2025 20:00,0,7-Jul
48099,7/6/2025 21:00,0,7-Jul
48099,7/6/2025 22:00,0,7-Jul
48099,7/6/2025 23:00,0,7-Jul
48101,7/6/2025 0:00,0,7-Jul
48101,7/6/2025 1:00,0,7-Jul
48101,7/6/2025 2:00,0.047619048,7-Jul
48101,7/6/2025 3:00,0.142857143,7-Jul
48101,7/6/2025 4:00,0.18452381,7-Jul
48101,7/6/2025 5:00,0.196428571,7-Jul
48101,7/6/2025 6:00,0.291666667,7-Jul
48101,7/6/2025 7:00,0.375,7-Jul
48101,7/6/2025 8:00,0.351190476,7-Jul
48101,7/6/2025 9:00,0.363095238,7-Jul
48101,7/6/2025 10:00,0.410714286,7-Jul
48101,7/6/2025 11:00,0.416666667,7-Jul
48101,7/6/2025 12:00,0.416666667,7-Jul
48101,7/6/2025 13:00,0.416666667,7-Jul
48101,7/6/2025 14:00,0.416666667,7-Jul
48101,7/6/2025 15:00,0.369047619,7-Jul
48101,7/6/2025 16:00,0.31547619,7-Jul
48101,7/6/2025 17:00,0.196428571,7-Jul
48101,7/6/2025 18:00,0.107142857,7-Jul
48101,7/6/2025 19:00,0.107142857,7-Jul
48101,7/6/2025 20:00,0.107142857,7-Jul
48101,7/6/2025 21:00,0.107142857,7-Jul
48101,7/6/2025 22:00,0.107142857,7-Jul
48101,7/6/2025 23:00,0.107142857,7-Jul
48103,7/6/2025 0:00,0,7-Jul
48103,7/6/2025 1:00,0.008333333,7-Jul
48103,7/6/2025 2:00,0.008333333,7-Jul
48103,7/6/2025 3:00,0.008333333,7-Jul
48103,7/6/2025 4:00,0.008333333,7-Jul
48103,7/6/2025 5:00,0.008333333,7-Jul
48103,7/6/2025 6:00,0.008333333,7-Jul
48103,7/6/2025 7:00,0.008333333,7-Jul
48103,7/6/2025 8:00,0.008333333,7-Jul
48103,7/6/2025 9:00,0.008333333,7-Jul
48103,7/6/2025 10:00,0.008333333,7-Jul
48103,7/6/2025 11:00,0.008333333,7-Jul
48103,7/6/2025 12:00,0.008333333,7-Jul
48103,7/6/2025 13:00,0.008333333,7-Jul
48103,7/6/2025 14:00,0.016666667,7-Jul
48103,7/6/2025 15:00,0.025,7-Jul
48103,7/6/2025 16:00,0.025,7-Jul
48103,7/6/2025 17:00,0.016666667,7-Jul
48103,7/6/2025 18:00,0.008333333,7-Jul
48103,7/6/2025 19:00,0.008333333,7-Jul
48103,7/6/2025 20:00,0.008333333,7-Jul
48103,7/6/2025 21:00,0.008333333,7-Jul
48103,7/6/2025 22:00,0,7-Jul
48103,7/6/2025 23:00,0,7-Jul
48105,7/6/2025 0:00,0,7-Jul
48105,7/6/2025 1:00,0.00462963,7-Jul
48105,7/6/2025 2:00,0.00462963,7-Jul
48105,7/6/2025 3:00,0.00462963,7-Jul
48105,7/6/2025 4:00,0.009259259,7-Jul
48105,7/6/2025 5:00,0.050925926,7-Jul
48105,7/6/2025 6:00,0.101851852,7-Jul
48105,7/6/2025 7:00,0.106481481,7-Jul
48105,7/6/2025 8:00,0.106481481,7-Jul
48105,7/6/2025 9:00,0.106481481,7-Jul
48105,7/6/2025 10:00,0.106481481,7-Jul
48105,7/6/2025 11:00,0.106481481,7-Jul
48105,7/6/2025 12:00,0.111111111,7-Jul
48105,7/6/2025 13:00,0.111111111,7-Jul
48105,7/6/2025 14:00,0.111111111,7-Jul
48105,7/6/2025 15:00,0.111111111,7-Jul
48105,7/6/2025 16:00,0.106481481,7-Jul
48105,7/6/2025 17:00,0.097222222,7-Jul
48105,7/6/2025 18:00,0.092592593,7-Jul
48105,7/6/2025 19:00,0.092592593,7-Jul
48105,7/6/2025 20:00,0.087962963,7-Jul
48105,7/6/2025 21:00,0.087962963,7-Jul
48105,7/6/2025 22:00,0.041666667,7-Jul
48105,7/6/2025 23:00,0,7-Jul
48107,7/6/2025 0:00,0,7-Jul
48107,7/6/2025 1:00,0.005208333,7-Jul
48107,7/6/2025 2:00,0.015625,7-Jul
48107,7/6/2025 3:00,0.015625,7-Jul
48107,7/6/2025 4:00,0.010416667,7-Jul
48107,7/6/2025 5:00,0.010416667,7-Jul
48107,7/6/2025 6:00,0.026041667,7-Jul
48107,7/6/2025 7:00,0.03125,7-Jul
48107,7/6/2025 8:00,0.026041667,7-Jul
48107,7/6/2025 9:00,0.03125,7-Jul
48107,7/6/2025 10:00,0.03125,7-Jul
48107,7/6/2025 11:00,0.036458333,7-Jul
48107,7/6/2025 12:00,0.036458333,7-Jul
48107,7/6/2025 13:00,0.036458333,7-Jul
48107,7/6/2025 14:00,0.036458333,7-Jul
48107,7/6/2025 15:00,0.041666667,7-Jul
48107,7/6/2025 16:00,0.03125,7-Jul
48107,7/6/2025 17:00,0.015625,7-Jul
48107,7/6/2025 18:00,0.015625,7-Jul
48107,7/6/2025 19:00,0.010416667,7-Jul
48107,7/6/2025 20:00,0.010416667,7-Jul
48107,7/6/2025 21:00,0.010416667,7-Jul
48107,7/6/2025 22:00,0.010416667,7-Jul
48107,7/6/2025 23:00,0.010416667,7-Jul
48109,7/6/2025 0:00,0.013888889,7-Jul
48109,7/6/2025 1:00,0.027777778,7-Jul
48109,7/6/2025 2:00,0.027777778,7-Jul
48109,7/6/2025 3:00,0.027777778,7-Jul
48109,7/6/2025 4:00,0.027777778,7-Jul
48109,7/6/2025 5:00,0.055555556,7-Jul
48109,7/6/2025 6:00,0.111111111,7-Jul
48109,7/6/2025 7:00,0.111111111,7-Jul
48109,7/6/2025 8:00,0.111111111,7-Jul
48109,7/6/2025 9:00,0.111111111,7-Jul
48109,7/6/2025 10:00,0.111111111,7-Jul
48109,7/6/2025 11:00,0.111111111,7-Jul
48109,7/6/2025 12:00,0.111111111,7-Jul
48109,7/6/2025 13:00,0.111111111,7-Jul
48109,7/6/2025 14:00,0.166666667,7-Jul
48109,7/6/2025 15:00,0.194444444,7-Jul
48109,7/6/2025 16:00,0.194444444,7-Jul
48109,7/6/2025 17:00,0.083333333,7-Jul
48109,7/6/2025 18:00,0,7-Jul
48109,7/6/2025 19:00,0,7-Jul
48109,7/6/2025 20:00,0,7-Jul
48109,7/6/2025 21:00,0.013888889,7-Jul
48109,7/6/2025 22:00,0.013888889,7-Jul
48109,7/6/2025 23:00,0.013888889,7-Jul
48111,7/6/2025 0:00,0.013888889,7-Jul
48111,7/6/2025 1:00,0.013888889,7-Jul
48111,7/6/2025 2:00,0.027777778,7-Jul
48111,7/6/2025 3:00,0.027777778,7-Jul
48111,7/6/2025 4:00,0.027777778,7-Jul
48111,7/6/2025 5:00,0.027777778,7-Jul
48111,7/6/2025 6:00,0.027777778,7-Jul
48111,7/6/2025 7:00,0.013888889,7-Jul
48111,7/6/2025 8:00,0.013888889,7-Jul
48111,7/6/2025 9:00,0.013888889,7-Jul
48111,7/6/2025 10:00,0.055555556,7-Jul
48111,7/6/2025 11:00,0.097222222,7-Jul
48111,7/6/2025 12:00,0.097222222,7-Jul
48111,7/6/2025 13:00,0.097222222,7-Jul
48111,7/6/2025 14:00,0.097222222,7-Jul
48111,7/6/2025 15:00,0.055555556,7-Jul
48111,7/6/2025 16:00,0.013888889,7-Jul
48111,7/6/2025 17:00,0,7-Jul
48111,7/6/2025 18:00,0,7-Jul
48111,7/6/2025 19:00,0,7-Jul
48111,7/6/2025 20:00,0,7-Jul
48111,7/6/2025 21:00,0,7-Jul
48111,7/6/2025 22:00,0,7-Jul
48111,7/6/2025 23:00,0,7-Jul
48113,7/6/2025 0:00,0,7-Jul
48113,7/6/2025 1:00,0,7-Jul
48113,7/6/2025 2:00,0,7-Jul
48113,7/6/2025 3:00,0,7-Jul
48113,7/6/2025 4:00,0,7-Jul
48113,7/6/2025 5:00,0,7-Jul
48113,7/6/2025 6:00,0,7-Jul
48113,7/6/2025 7:00,0,7-Jul
48113,7/6/2025 8:00,0,7-Jul
48113,7/6/2025 9:00,0,7-Jul
48113,7/6/2025 10:00,0,7-Jul
48113,7/6/2025 11:00,0,7-Jul
48113,7/6/2025 12:00,0,7-Jul
48113,7/6/2025 13:00,0,7-Jul
48113,7/6/2025 14:00,0.041666667,7-Jul
48113,7/6/2025 15:00,0.041666667,7-Jul
48113,7/6/2025 16:00,0,7-Jul
48113,7/6/2025 17:00,0,7-Jul
48113,7/6/2025 18:00,0,7-Jul
48113,7/6/2025 19:00,0,7-Jul
48113,7/6/2025 20:00,0,7-Jul
48113,7/6/2025 21:00,0,7-Jul
48113,7/6/2025 22:00,0.006944444,7-Jul
48113,7/6/2025 23:00,0.006944444,7-Jul
48115,7/6/2025 0:00,0,7-Jul
48115,7/6/2025 1:00,0,7-Jul
48115,7/6/2025 2:00,0.006944444,7-Jul
48115,7/6/2025 3:00,0.013888889,7-Jul
48115,7/6/2025 4:00,0.006944444,7-Jul
48115,7/6/2025 5:00,0,7-Jul
48115,7/6/2025 6:00,0.006944444,7-Jul
48115,7/6/2025 7:00,0.048611111,7-Jul
48115,7/6/2025 8:00,0.090277778,7-Jul
48115,7/6/2025 9:00,0.097222222,7-Jul
48115,7/6/2025 10:00,0.097222222,7-Jul
48115,7/6/2025 11:00,0.097222222,7-Jul
48115,7/6/2025 12:00,0.097222222,7-Jul
48115,7/6/2025 13:00,0.097222222,7-Jul
48115,7/6/2025 14:00,0.104166667,7-Jul
48115,7/6/2025 15:00,0.104166667,7-Jul
48115,7/6/2025 16:00,0.083333333,7-Jul
48115,7/6/2025 17:00,0.090277778,7-Jul
48115,7/6/2025 18:00,0.083333333,7-Jul
48115,7/6/2025 19:00,0.083333333,7-Jul
48115,7/6/2025 20:00,0.083333333,7-Jul
48115,7/6/2025 21:00,0.083333333,7-Jul
48115,7/6/2025 22:00,0.083333333,7-Jul
48115,7/6/2025 23:00,0.083333333,7-Jul
48117,7/6/2025 0:00,0.008333333,7-Jul
48117,7/6/2025 1:00,0.008333333,7-Jul
48117,7/6/2025 2:00,0.008333333,7-Jul
48117,7/6/2025 3:00,0.008333333,7-Jul
48117,7/6/2025 4:00,0.016666667,7-Jul
48117,7/6/2025 5:00,0.016666667,7-Jul
48117,7/6/2025 6:00,0.016666667,7-Jul
48117,7/6/2025 7:00,0.016666667,7-Jul
48117,7/6/2025 8:00,0.016666667,7-Jul
48117,7/6/2025 9:00,0.016666667,7-Jul
48117,7/6/2025 10:00,0.066666667,7-Jul
48117,7/6/2025 11:00,0.108333333,7-Jul
48117,7/6/2025 12:00,0.066666667,7-Jul
48117,7/6/2025 13:00,0.025,7-Jul
48117,7/6/2025 14:00,0.016666667,7-Jul
48117,7/6/2025 15:00,0.025,7-Jul
48117,7/6/2025 16:00,0.025,7-Jul
48117,7/6/2025 17:00,0.016666667,7-Jul
48117,7/6/2025 18:00,0.016666667,7-Jul
48117,7/6/2025 19:00,0.016666667,7-Jul
48117,7/6/2025 20:00,0.016666667,7-Jul
48117,7/6/2025 21:00,0.016666667,7-Jul
48117,7/6/2025 22:00,0.016666667,7-Jul
48117,7/6/2025 23:00,0.016666667,7-Jul
48119,7/6/2025 0:00,0,7-Jul
48119,7/6/2025 1:00,0,7-Jul
48119,7/6/2025 2:00,0.041666667,7-Jul
48119,7/6/2025 3:00,0.083333333,7-Jul
48119,7/6/2025 4:00,0.083333333,7-Jul
48119,7/6/2025 5:00,0.083333333,7-Jul
48119,7/6/2025 6:00,0.083333333,7-Jul
48119,7/6/2025 7:00,0.083333333,7-Jul
48119,7/6/2025 8:00,0.083333333,7-Jul
48119,7/6/2025 9:00,0.083333333,7-Jul
48119,7/6/2025 10:00,0.083333333,7-Jul
48119,7/6/2025 11:00,0.083333333,7-Jul
48119,7/6/2025 12:00,0.083333333,7-Jul
48119,7/6/2025 13:00,0.090277778,7-Jul
48119,7/6/2025 14:00,0.090277778,7-Jul
48119,7/6/2025 15:00,0.090277778,7-Jul
48119,7/6/2025 16:00,0.090277778,7-Jul
48119,7/6/2025 17:00,0.090277778,7-Jul
48119,7/6/2025 18:00,0.090277778,7-Jul
48119,7/6/2025 19:00,0.090277778,7-Jul
48119,7/6/2025 20:00,0.090277778,7-Jul
48119,7/6/2025 21:00,0.090277778,7-Jul
48119,7/6/2025 22:00,0.048611111,7-Jul
48119,7/6/2025 23:00,0.006944444,7-Jul
48121,7/6/2025 0:00,0,7-Jul
48121,7/6/2025 1:00,0,7-Jul
48121,7/6/2025 2:00,0,7-Jul
48121,7/6/2025 3:00,0,7-Jul
48121,7/6/2025 4:00,0,7-Jul
48121,7/6/2025 5:00,0,7-Jul
48121,7/6/2025 6:00,0,7-Jul
48121,7/6/2025 7:00,0,7-Jul
48121,7/6/2025 8:00,0,7-Jul
48121,7/6/2025 9:00,0,7-Jul
48121,7/6/2025 10:00,0,7-Jul
48121,7/6/2025 11:00,0,7-Jul
48121,7/6/2025 12:00,0,7-Jul
48121,7/6/2025 13:00,0,7-Jul
48121,7/6/2025 14:00,0.006944444,7-Jul
48121,7/6/2025 15:00,0,7-Jul
48121,7/6/2025 16:00,0,7-Jul
48121,7/6/2025 17:00,0,7-Jul
48121,7/6/2025 18:00,0,7-Jul
48121,7/6/2025 19:00,0,7-Jul
48121,7/6/2025 20:00,0,7-Jul
48121,7/6/2025 21:00,0,7-Jul
48121,7/6/2025 22:00,0,7-Jul
48121,7/6/2025 23:00,0,7-Jul
48123,7/6/2025 0:00,0,7-Jul
48123,7/6/2025 1:00,0,7-Jul
48123,7/6/2025 2:00,0,7-Jul
48123,7/6/2025 3:00,0,7-Jul
48123,7/6/2025 4:00,0,7-Jul
48123,7/6/2025 5:00,0,7-Jul
48123,7/6/2025 6:00,0,7-Jul
48123,7/6/2025 7:00,0,7-Jul
48123,7/6/2025 8:00,0,7-Jul
48123,7/6/2025 9:00,0,7-Jul
48123,7/6/2025 10:00,0,7-Jul
48123,7/6/2025 11:00,0,7-Jul
48123,7/6/2025 12:00,0,7-Jul
48123,7/6/2025 13:00,0,7-Jul
48123,7/6/2025 14:00,0,7-Jul
48123,7/6/2025 15:00,0,7-Jul
48123,7/6/2025 16:00,0,7-Jul
48123,7/6/2025 17:00,0,7-Jul
48123,7/6/2025 18:00,0,7-Jul
48123,7/6/2025 19:00,0,7-Jul
48123,7/6/2025 20:00,0,7-Jul
48123,7/6/2025 21:00,0.008333333,7-Jul
48123,7/6/2025 22:00,0.008333333,7-Jul
48123,7/6/2025 23:00,0.008333333,7-Jul
48125,7/6/2025 0:00,0,7-Jul
48125,7/6/2025 1:00,0.005208333,7-Jul
48125,7/6/2025 2:00,0.015625,7-Jul
48125,7/6/2025 3:00,0.020833333,7-Jul
48125,7/6/2025 4:00,0.026041667,7-Jul
48125,7/6/2025 5:00,0.041666667,7-Jul
48125,7/6/2025 6:00,0.109375,7-Jul
48125,7/6/2025 7:00,0.166666667,7-Jul
48125,7/6/2025 8:00,0.151041667,7-Jul
48125,7/6/2025 9:00,0.161458333,7-Jul
48125,7/6/2025 10:00,0.15625,7-Jul
48125,7/6/2025 11:00,0.166666667,7-Jul
48125,7/6/2025 12:00,0.171875,7-Jul
48125,7/6/2025 13:00,0.171875,7-Jul
48125,7/6/2025 14:00,0.166666667,7-Jul
48125,7/6/2025 15:00,0.161458333,7-Jul
48125,7/6/2025 16:00,0.140625,7-Jul
48125,7/6/2025 17:00,0.067708333,7-Jul
48125,7/6/2025 18:00,0.026041667,7-Jul
48125,7/6/2025 19:00,0.020833333,7-Jul
48125,7/6/2025 20:00,0.020833333,7-Jul
48125,7/6/2025 21:00,0.020833333,7-Jul
48125,7/6/2025 22:00,0.020833333,7-Jul
48125,7/6/2025 23:00,0.020833333,7-Jul
48127,7/6/2025 0:00,0.008333333,7-Jul
48127,7/6/2025 1:00,0.008333333,7-Jul
48127,7/6/2025 2:00,0,7-Jul
48127,7/6/2025 3:00,0.008333333,7-Jul
48127,7/6/2025 4:00,0.008333333,7-Jul
48127,7/6/2025 5:00,0.008333333,7-Jul
48127,7/6/2025 6:00,0,7-Jul
48127,7/6/2025 7:00,0,7-Jul
48127,7/6/2025 8:00,0,7-Jul
48127,7/6/2025 9:00,0,7-Jul
48127,7/6/2025 10:00,0,7-Jul
48127,7/6/2025 11:00,0.008333333,7-Jul
48127,7/6/2025 12:00,0.008333333,7-Jul
48127,7/6/2025 13:00,0,7-Jul
48127,7/6/2025 14:00,0,7-Jul
48127,7/6/2025 15:00,0,7-Jul
48127,7/6/2025 16:00,0,7-Jul
48127,7/6/2025 17:00,0,7-Jul
48127,7/6/2025 18:00,0,7-Jul
48127,7/6/2025 19:00,0,7-Jul
48127,7/6/2025 20:00,0,7-Jul
48127,7/6/2025 21:00,0,7-Jul
48127,7/6/2025 22:00,0,7-Jul
48127,7/6/2025 23:00,0,7-Jul
48129,7/6/2025 0:00,0.005952381,7-Jul
48129,7/6/2025 1:00,0.005952381,7-Jul
48129,7/6/2025 2:00,0.005952381,7-Jul
48129,7/6/2025 3:00,0.005952381,7-Jul
48129,7/6/2025 4:00,0.005952381,7-Jul
48129,7/6/2025 5:00,0.005952381,7-Jul
48129,7/6/2025 6:00,0.023809524,7-Jul
48129,7/6/2025 7:00,0.017857143,7-Jul
48129,7/6/2025 8:00,0.017857143,7-Jul
48129,7/6/2025 9:00,0.017857143,7-Jul
48129,7/6/2025 10:00,0.029761905,7-Jul
48129,7/6/2025 11:00,0.029761905,7-Jul
48129,7/6/2025 12:00,0.035714286,7-Jul
48129,7/6/2025 13:00,0.035714286,7-Jul
48129,7/6/2025 14:00,0.035714286,7-Jul
48129,7/6/2025 15:00,0.029761905,7-Jul
48129,7/6/2025 16:00,0.029761905,7-Jul
48129,7/6/2025 17:00,0.029761905,7-Jul
48129,7/6/2025 18:00,0.011904762,7-Jul
48129,7/6/2025 19:00,0.011904762,7-Jul
48129,7/6/2025 20:00,0.011904762,7-Jul
48129,7/6/2025 21:00,0.011904762,7-Jul
48129,7/6/2025 22:00,0.011904762,7-Jul
48129,7/6/2025 23:00,0.011904762,7-Jul
48131,7/6/2025 0:00,0.101190476,7-Jul
48131,7/6/2025 1:00,0.101190476,7-Jul
48131,7/6/2025 2:00,0.095238095,7-Jul
48131,7/6/2025 3:00,0.101190476,7-Jul
48131,7/6/2025 4:00,0.101190476,7-Jul
48131,7/6/2025 5:00,0.05952381,7-Jul
48131,7/6/2025 6:00,0.011904762,7-Jul
48131,7/6/2025 7:00,0.023809524,7-Jul
48131,7/6/2025 8:00,0.023809524,7-Jul
48131,7/6/2025 9:00,0.023809524,7-Jul
48131,7/6/2025 10:00,0.06547619,7-Jul
48131,7/6/2025 11:00,0.113095238,7-Jul
48131,7/6/2025 12:00,0.113095238,7-Jul
48131,7/6/2025 13:00,0.107142857,7-Jul
48131,7/6/2025 14:00,0.113095238,7-Jul
48131,7/6/2025 15:00,0.107142857,7-Jul
48131,7/6/2025 16:00,0.053571429,7-Jul
48131,7/6/2025 17:00,0.005952381,7-Jul
48131,7/6/2025 18:00,0.005952381,7-Jul
48131,7/6/2025 19:00,0.047619048,7-Jul
48131,7/6/2025 20:00,0.083333333,7-Jul
48131,7/6/2025 21:00,0.083333333,7-Jul
48131,7/6/2025 22:00,0.041666667,7-Jul
48131,7/6/2025 23:00,0,7-Jul
48133,7/6/2025 0:00,0,7-Jul
48133,7/6/2025 1:00,0,7-Jul
48133,7/6/2025 2:00,0,7-Jul
48133,7/6/2025 3:00,0,7-Jul
48133,7/6/2025 4:00,0,7-Jul
48133,7/6/2025 5:00,0,7-Jul
48133,7/6/2025 6:00,0,7-Jul
48133,7/6/2025 7:00,0,7-Jul
48133,7/6/2025 8:00,0,7-Jul
48133,7/6/2025 9:00,0,7-Jul
48133,7/6/2025 10:00,0,7-Jul
48133,7/6/2025 11:00,0,7-Jul
48133,7/6/2025 12:00,0,7-Jul
48133,7/6/2025 13:00,0,7-Jul
48133,7/6/2025 14:00,0,7-Jul
48133,7/6/2025 15:00,0,7-Jul
48133,7/6/2025 16:00,0,7-Jul
48133,7/6/2025 17:00,0,7-Jul
48133,7/6/2025 18:00,0,7-Jul
48133,7/6/2025 19:00,0,7-Jul
48133,7/6/2025 20:00,0,7-Jul
48133,7/6/2025 21:00,0,7-Jul
48133,7/6/2025 22:00,0,7-Jul
48133,7/6/2025 23:00,0,7-Jul
48135,7/6/2025 0:00,0.006944444,7-Jul
48135,7/6/2025 1:00,0.013888889,7-Jul
48135,7/6/2025 2:00,0.013888889,7-Jul
48135,7/6/2025 3:00,0.013888889,7-Jul
48135,7/6/2025 4:00,0.013888889,7-Jul
48135,7/6/2025 5:00,0.006944444,7-Jul
48135,7/6/2025 6:00,0.006944444,7-Jul
48135,7/6/2025 7:00,0.006944444,7-Jul
48135,7/6/2025 8:00,0,7-Jul
48135,7/6/2025 9:00,0,7-Jul
48135,7/6/2025 10:00,0,7-Jul
48135,7/6/2025 11:00,0,7-Jul
48135,7/6/2025 12:00,0,7-Jul
48135,7/6/2025 13:00,0,7-Jul
48135,7/6/2025 14:00,0.006944444,7-Jul
48135,7/6/2025 15:00,0.006944444,7-Jul
48135,7/6/2025 16:00,0.006944444,7-Jul
48135,7/6/2025 17:00,0.006944444,7-Jul
48135,7/6/2025 18:00,0,7-Jul
48135,7/6/2025 19:00,0,7-Jul
48135,7/6/2025 20:00,0,7-Jul
48135,7/6/2025 21:00,0,7-Jul
48135,7/6/2025 22:00,0,7-Jul
48135,7/6/2025 23:00,0,7-Jul
48137,7/6/2025 0:00,0.041666667,7-Jul
48137,7/6/2025 1:00,0.089285714,7-Jul
48137,7/6/2025 2:00,0.095238095,7-Jul
48137,7/6/2025 3:00,0.095238095,7-Jul
48137,7/6/2025 4:00,0.095238095,7-Jul
48137,7/6/2025 5:00,0.047619048,7-Jul
48137,7/6/2025 6:00,0.005952381,7-Jul
48137,7/6/2025 7:00,0.005952381,7-Jul
48137,7/6/2025 8:00,0.005952381,7-Jul
48137,7/6/2025 9:00,0.005952381,7-Jul
48137,7/6/2025 10:00,0.005952381,7-Jul
48137,7/6/2025 11:00,0.005952381,7-Jul
48137,7/6/2025 12:00,0.005952381,7-Jul
48137,7/6/2025 13:00,0.005952381,7-Jul
48137,7/6/2025 14:00,0.005952381,7-Jul
48137,7/6/2025 15:00,0.005952381,7-Jul
48137,7/6/2025 16:00,0,7-Jul
48137,7/6/2025 17:00,0,7-Jul
48137,7/6/2025 18:00,0,7-Jul
48137,7/6/2025 19:00,0,7-Jul
48137,7/6/2025 20:00,0,7-Jul
48137,7/6/2025 21:00,0,7-Jul
48137,7/6/2025 22:00,0,7-Jul
48137,7/6/2025 23:00,0,7-Jul
48139,7/6/2025 0:00,0,7-Jul
48139,7/6/2025 1:00,0,7-Jul
48139,7/6/2025 2:00,0,7-Jul
48139,7/6/2025 3:00,0,7-Jul
48139,7/6/2025 4:00,0,7-Jul
48139,7/6/2025 5:00,0.005952381,7-Jul
48139,7/6/2025 6:00,0.005952381,7-Jul
48139,7/6/2025 7:00,0.005952381,7-Jul
48139,7/6/2025 8:00,0,7-Jul
48139,7/6/2025 9:00,0,7-Jul
48139,7/6/2025 10:00,0,7-Jul
48139,7/6/2025 11:00,0,7-Jul
48139,7/6/2025 12:00,0,7-Jul
48139,7/6/2025 13:00,0,7-Jul
48139,7/6/2025 14:00,0.005952381,7-Jul
48139,7/6/2025 15:00,0,7-Jul
48139,7/6/2025 16:00,0,7-Jul
48139,7/6/2025 17:00,0,7-Jul
48139,7/6/2025 18:00,0,7-Jul
48139,7/6/2025 19:00,0,7-Jul
48139,7/6/2025 20:00,0,7-Jul
48139,7/6/2025 21:00,0,7-Jul
48139,7/6/2025 22:00,0.047619048,7-Jul
48139,7/6/2025 23:00,0.095238095,7-Jul
48141,7/6/2025 0:00,0,7-Jul
48141,7/6/2025 1:00,0,7-Jul
48141,7/6/2025 2:00,0,7-Jul
48141,7/6/2025 3:00,0,7-Jul
48141,7/6/2025 4:00,0,7-Jul
48141,7/6/2025 5:00,0,7-Jul
48141,7/6/2025 6:00,0,7-Jul
48141,7/6/2025 7:00,0,7-Jul
48141,7/6/2025 8:00,0,7-Jul
48141,7/6/2025 9:00,0,7-Jul
48141,7/6/2025 10:00,0,7-Jul
48141,7/6/2025 11:00,0,7-Jul
48141,7/6/2025 12:00,0,7-Jul
48141,7/6/2025 13:00,0,7-Jul
48141,7/6/2025 14:00,0,7-Jul
48141,7/6/2025 15:00,0,7-Jul
48141,7/6/2025 16:00,0,7-Jul
48141,7/6/2025 17:00,0,7-Jul
48141,7/6/2025 18:00,0,7-Jul
48141,7/6/2025 19:00,0,7-Jul
48141,7/6/2025 20:00,0,7-Jul
48141,7/6/2025 21:00,0,7-Jul
48141,7/6/2025 22:00,0,7-Jul
48141,7/6/2025 23:00,0.041666667,7-Jul
48143,7/6/2025 0:00,0,7-Jul
48143,7/6/2025 1:00,0,7-Jul
48143,7/6/2025 2:00,0,7-Jul
48143,7/6/2025 3:00,0,7-Jul
48143,7/6/2025 4:00,0,7-Jul
48143,7/6/2025 5:00,0,7-Jul
48143,7/6/2025 6:00,0,7-Jul
48143,7/6/2025 7:00,0,7-Jul
48143,7/6/2025 8:00,0,7-Jul
48143,7/6/2025 9:00,0,7-Jul
48143,7/6/2025 10:00,0,7-Jul
48143,7/6/2025 11:00,0,7-Jul
48143,7/6/2025 12:00,0,7-Jul
48143,7/6/2025 13:00,0,7-Jul
48143,7/6/2025 14:00,0,7-Jul
48143,7/6/2025 15:00,0,7-Jul
48143,7/6/2025 16:00,0,7-Jul
48143,7/6/2025 17:00,0,7-Jul
48143,7/6/2025 18:00,0,7-Jul
48143,7/6/2025 19:00,0,7-Jul
48143,7/6/2025 20:00,0,7-Jul
48143,7/6/2025 21:00,0,7-Jul
48143,7/6/2025 22:00,0,7-Jul
48143,7/6/2025 23:00,0,7-Jul
48145,7/6/2025 0:00,0,7-Jul
48145,7/6/2025 1:00,0,7-Jul
48145,7/6/2025 2:00,0,7-Jul
48145,7/6/2025 3:00,0,7-Jul
48145,7/6/2025 4:00,0,7-Jul
48145,7/6/2025 5:00,0,7-Jul
48145,7/6/2025 6:00,0.008333333,7-Jul
48145,7/6/2025 7:00,0,7-Jul
48145,7/6/2025 8:00,0,7-Jul
48145,7/6/2025 9:00,0,7-Jul
48145,7/6/2025 10:00,0,7-Jul
48145,7/6/2025 11:00,0,7-Jul
48145,7/6/2025 12:00,0,7-Jul
48145,7/6/2025 13:00,0,7-Jul
48145,7/6/2025 14:00,0,7-Jul
48145,7/6/2025 15:00,0,7-Jul
48145,7/6/2025 16:00,0,7-Jul
48145,7/6/2025 17:00,0,7-Jul
48145,7/6/2025 18:00,0,7-Jul
48145,7/6/2025 19:00,0,7-Jul
48145,7/6/2025 20:00,0,7-Jul
48145,7/6/2025 21:00,0,7-Jul
48145,7/6/2025 22:00,0,7-Jul
48145,7/6/2025 23:00,0,7-Jul
48147,7/6/2025 0:00,0,7-Jul
48147,7/6/2025 1:00,0,7-Jul
48147,7/6/2025 2:00,0.008333333,7-Jul
48147,7/6/2025 3:00,0.008333333,7-Jul
48147,7/6/2025 4:00,0.008333333,7-Jul
48147,7/6/2025 5:00,0.008333333,7-Jul
48147,7/6/2025 6:00,0.008333333,7-Jul
48147,7/6/2025 7:00,0.008333333,7-Jul
48147,7/6/2025 8:00,0.008333333,7-Jul
48147,7/6/2025 9:00,0.008333333,7-Jul
48147,7/6/2025 10:00,0.008333333,7-Jul
48147,7/6/2025 11:00,0.008333333,7-Jul
48147,7/6/2025 12:00,0.008333333,7-Jul
48147,7/6/2025 13:00,0.016666667,7-Jul
48147,7/6/2025 14:00,0.016666667,7-Jul
48147,7/6/2025 15:00,0.016666667,7-Jul
48147,7/6/2025 16:00,0.016666667,7-Jul
48147,7/6/2025 17:00,0.016666667,7-Jul
48147,7/6/2025 18:00,0.016666667,7-Jul
48147,7/6/2025 19:00,0.016666667,7-Jul
48147,7/6/2025 20:00,0.016666667,7-Jul
48147,7/6/2025 21:00,0.016666667,7-Jul
48147,7/6/2025 22:00,0.041666667,7-Jul
48147,7/6/2025 23:00,0.083333333,7-Jul
48149,7/6/2025 0:00,0,7-Jul
48149,7/6/2025 1:00,0,7-Jul
48149,7/6/2025 2:00,0,7-Jul
48149,7/6/2025 3:00,0,7-Jul
48149,7/6/2025 4:00,0,7-Jul
48149,7/6/2025 5:00,0,7-Jul
48149,7/6/2025 6:00,0,7-Jul
48149,7/6/2025 7:00,0,7-Jul
48149,7/6/2025 8:00,0,7-Jul
48149,7/6/2025 9:00,0,7-Jul
48149,7/6/2025 10:00,0,7-Jul
48149,7/6/2025 11:00,0,7-Jul
48149,7/6/2025 12:00,0,7-Jul
48149,7/6/2025 13:00,0,7-Jul
48149,7/6/2025 14:00,0,7-Jul
48149,7/6/2025 15:00,0,7-Jul
48149,7/6/2025 16:00,0,7-Jul
48149,7/6/2025 17:00,0,7-Jul
48149,7/6/2025 18:00,0,7-Jul
48149,7/6/2025 19:00,0,7-Jul
48149,7/6/2025 20:00,0,7-Jul
48149,7/6/2025 21:00,0,7-Jul
48149,7/6/2025 22:00,0,7-Jul
48149,7/6/2025 23:00,0,7-Jul
48151,7/6/2025 0:00,0,7-Jul
48151,7/6/2025 1:00,0.005952381,7-Jul
48151,7/6/2025 2:00,0.005952381,7-Jul
48151,7/6/2025 3:00,0,7-Jul
48151,7/6/2025 4:00,0.005952381,7-Jul
48151,7/6/2025 5:00,0.011904762,7-Jul
48151,7/6/2025 6:00,0.011904762,7-Jul
48151,7/6/2025 7:00,0.023809524,7-Jul
48151,7/6/2025 8:00,0.023809524,7-Jul
48151,7/6/2025 9:00,0.06547619,7-Jul
48151,7/6/2025 10:00,0.101190476,7-Jul
48151,7/6/2025 11:00,0.107142857,7-Jul
48151,7/6/2025 12:00,0.113095238,7-Jul
48151,7/6/2025 13:00,0.113095238,7-Jul
48151,7/6/2025 14:00,0.107142857,7-Jul
48151,7/6/2025 15:00,0.06547619,7-Jul
48151,7/6/2025 16:00,0.011904762,7-Jul
48151,7/6/2025 17:00,0.005952381,7-Jul
48151,7/6/2025 18:00,0.005952381,7-Jul
48151,7/6/2025 19:00,0.005952381,7-Jul
48151,7/6/2025 20:00,0.005952381,7-Jul
48151,7/6/2025 21:00,0.005952381,7-Jul
48151,7/6/2025 22:00,0.005952381,7-Jul
48151,7/6/2025 23:00,0.005952381,7-Jul
48153,7/6/2025 0:00,0.005952381,7-Jul
48153,7/6/2025 1:00,0.005952381,7-Jul
48153,7/6/2025 2:00,0.047619048,7-Jul
48153,7/6/2025 3:00,0.095238095,7-Jul
48153,7/6/2025 4:00,0.095238095,7-Jul
48153,7/6/2025 5:00,0.095238095,7-Jul
48153,7/6/2025 6:00,0.119047619,7-Jul
48153,7/6/2025 7:00,0.119047619,7-Jul
48153,7/6/2025 8:00,0.113095238,7-Jul
48153,7/6/2025 9:00,0.154761905,7-Jul
48153,7/6/2025 10:00,0.196428571,7-Jul
48153,7/6/2025 11:00,0.196428571,7-Jul
48153,7/6/2025 12:00,0.196428571,7-Jul
48153,7/6/2025 13:00,0.196428571,7-Jul
48153,7/6/2025 14:00,0.196428571,7-Jul
48153,7/6/2025 15:00,0.196428571,7-Jul
48153,7/6/2025 16:00,0.196428571,7-Jul
48153,7/6/2025 17:00,0.178571429,7-Jul
48153,7/6/2025 18:00,0.166666667,7-Jul
48153,7/6/2025 19:00,0.125,7-Jul
48153,7/6/2025 20:00,0.083333333,7-Jul
48153,7/6/2025 21:00,0.083333333,7-Jul
48153,7/6/2025 22:00,0.083333333,7-Jul
48153,7/6/2025 23:00,0.083333333,7-Jul
48155,7/6/2025 0:00,0,7-Jul
48155,7/6/2025 1:00,0,7-Jul
48155,7/6/2025 2:00,0.048611111,7-Jul
48155,7/6/2025 3:00,0.138888889,7-Jul
48155,7/6/2025 4:00,0.180555556,7-Jul
48155,7/6/2025 5:00,0.208333333,7-Jul
48155,7/6/2025 6:00,0.298611111,7-Jul
48155,7/6/2025 7:00,0.388888889,7-Jul
48155,7/6/2025 8:00,0.368055556,7-Jul
48155,7/6/2025 9:00,0.388888889,7-Jul
48155,7/6/2025 10:00,0.430555556,7-Jul
48155,7/6/2025 11:00,0.444444444,7-Jul
48155,7/6/2025 12:00,0.444444444,7-Jul
48155,7/6/2025 13:00,0.444444444,7-Jul
48155,7/6/2025 14:00,0.4375,7-Jul
48155,7/6/2025 15:00,0.388888889,7-Jul
48155,7/6/2025 16:00,0.319444444,7-Jul
48155,7/6/2025 17:00,0.208333333,7-Jul
48155,7/6/2025 18:00,0.111111111,7-Jul
48155,7/6/2025 19:00,0.111111111,7-Jul
48155,7/6/2025 20:00,0.111111111,7-Jul
48155,7/6/2025 21:00,0.111111111,7-Jul
48155,7/6/2025 22:00,0.111111111,7-Jul
48155,7/6/2025 23:00,0.111111111,7-Jul
48157,7/6/2025 0:00,0,7-Jul
48157,7/6/2025 1:00,0,7-Jul
48157,7/6/2025 2:00,0,7-Jul
48157,7/6/2025 3:00,0,7-Jul
48157,7/6/2025 4:00,0,7-Jul
48157,7/6/2025 5:00,0,7-Jul
48157,7/6/2025 6:00,0,7-Jul
48157,7/6/2025 7:00,0,7-Jul
48157,7/6/2025 8:00,0,7-Jul
48157,7/6/2025 9:00,0,7-Jul
48157,7/6/2025 10:00,0,7-Jul
48157,7/6/2025 11:00,0,7-Jul
48157,7/6/2025 12:00,0,7-Jul
48157,7/6/2025 13:00,0,7-Jul
48157,7/6/2025 14:00,0,7-Jul
48157,7/6/2025 15:00,0,7-Jul
48157,7/6/2025 16:00,0,7-Jul
48157,7/6/2025 17:00,0,7-Jul
48157,7/6/2025 18:00,0,7-Jul
48157,7/6/2025 19:00,0,7-Jul
48157,7/6/2025 20:00,0,7-Jul
48157,7/6/2025 21:00,0,7-Jul
48157,7/6/2025 22:00,0,7-Jul
48157,7/6/2025 23:00,0,7-Jul
48159,7/6/2025 0:00,0,7-Jul
48159,7/6/2025 1:00,0,7-Jul
48159,7/6/2025 2:00,0.006944444,7-Jul
48159,7/6/2025 3:00,0.006944444,7-Jul
48159,7/6/2025 4:00,0.006944444,7-Jul
48159,7/6/2025 5:00,0.006944444,7-Jul
48159,7/6/2025 6:00,0.006944444,7-Jul
48159,7/6/2025 7:00,0.006944444,7-Jul
48159,7/6/2025 8:00,0.006944444,7-Jul
48159,7/6/2025 9:00,0.006944444,7-Jul
48159,7/6/2025 10:00,0.006944444,7-Jul
48159,7/6/2025 11:00,0.006944444,7-Jul
48159,7/6/2025 12:00,0.006944444,7-Jul
48159,7/6/2025 13:00,0.006944444,7-Jul
48159,7/6/2025 14:00,0.006944444,7-Jul
48159,7/6/2025 15:00,0.006944444,7-Jul
48159,7/6/2025 16:00,0.006944444,7-Jul
48159,7/6/2025 17:00,0.006944444,7-Jul
48159,7/6/2025 18:00,0.006944444,7-Jul
48159,7/6/2025 19:00,0.006944444,7-Jul
48159,7/6/2025 20:00,0.006944444,7-Jul
48159,7/6/2025 21:00,0.006944444,7-Jul
48159,7/6/2025 22:00,0,7-Jul
48159,7/6/2025 23:00,0,7-Jul
48161,7/6/2025 0:00,0,7-Jul
48161,7/6/2025 1:00,0,7-Jul
48161,7/6/2025 2:00,0,7-Jul
48161,7/6/2025 3:00,0,7-Jul
48161,7/6/2025 4:00,0,7-Jul
48161,7/6/2025 5:00,0,7-Jul
48161,7/6/2025 6:00,0.008333333,7-Jul
48161,7/6/2025 7:00,0,7-Jul
48161,7/6/2025 8:00,0,7-Jul
48161,7/6/2025 9:00,0.008333333,7-Jul
48161,7/6/2025 10:00,0.008333333,7-Jul
48161,7/6/2025 11:00,0.008333333,7-Jul
48161,7/6/2025 12:00,0.008333333,7-Jul
48161,7/6/2025 13:00,0.008333333,7-Jul
48161,7/6/2025 14:00,0.008333333,7-Jul
48161,7/6/2025 15:00,0.008333333,7-Jul
48161,7/6/2025 16:00,0,7-Jul
48161,7/6/2025 17:00,0,7-Jul
48161,7/6/2025 18:00,0,7-Jul
48161,7/6/2025 19:00,0,7-Jul
48161,7/6/2025 20:00,0,7-Jul
48161,7/6/2025 21:00,0,7-Jul
48161,7/6/2025 22:00,0,7-Jul
48161,7/6/2025 23:00,0.008333333,7-Jul
48163,7/6/2025 0:00,0.006944444,7-Jul
48163,7/6/2025 1:00,0.006944444,7-Jul
48163,7/6/2025 2:00,0,7-Jul
48163,7/6/2025 3:00,0.006944444,7-Jul
48163,7/6/2025 4:00,0.006944444,7-Jul
48163,7/6/2025 5:00,0.006944444,7-Jul
48163,7/6/2025 6:00,0,7-Jul
48163,7/6/2025 7:00,0,7-Jul
48163,7/6/2025 8:00,0,7-Jul
48163,7/6/2025 9:00,0,7-Jul
48163,7/6/2025 10:00,0,7-Jul
48163,7/6/2025 11:00,0.006944444,7-Jul
48163,7/6/2025 12:00,0.006944444,7-Jul
48163,7/6/2025 13:00,0,7-Jul
48163,7/6/2025 14:00,0,7-Jul
48163,7/6/2025 15:00,0,7-Jul
48163,7/6/2025 16:00,0,7-Jul
48163,7/6/2025 17:00,0,7-Jul
48163,7/6/2025 18:00,0,7-Jul
48163,7/6/2025 19:00,0,7-Jul
48163,7/6/2025 20:00,0,7-Jul
48163,7/6/2025 21:00,0,7-Jul
48163,7/6/2025 22:00,0,7-Jul
48163,7/6/2025 23:00,0,7-Jul
48165,7/6/2025 0:00,0,7-Jul
48165,7/6/2025 1:00,0,7-Jul
48165,7/6/2025 2:00,0.008333333,7-Jul
48165,7/6/2025 3:00,0.041666667,7-Jul
48165,7/6/2025 4:00,0.05,7-Jul
48165,7/6/2025 5:00,0.008333333,7-Jul
48165,7/6/2025 6:00,0.016666667,7-Jul
48165,7/6/2025 7:00,0.025,7-Jul
48165,7/6/2025 8:00,0.025,7-Jul
48165,7/6/2025 9:00,0.025,7-Jul
48165,7/6/2025 10:00,0.025,7-Jul
48165,7/6/2025 11:00,0.025,7-Jul
48165,7/6/2025 12:00,0.025,7-Jul
48165,7/6/2025 13:00,0.025,7-Jul
48165,7/6/2025 14:00,0.066666667,7-Jul
48165,7/6/2025 15:00,0.108333333,7-Jul
48165,7/6/2025 16:00,0.066666667,7-Jul
48165,7/6/2025 17:00,0.033333333,7-Jul
48165,7/6/2025 18:00,0.016666667,7-Jul
48165,7/6/2025 19:00,0.016666667,7-Jul
48165,7/6/2025 20:00,0.008333333,7-Jul
48165,7/6/2025 21:00,0.008333333,7-Jul
48165,7/6/2025 22:00,0.008333333,7-Jul
48165,7/6/2025 23:00,0.008333333,7-Jul
48167,7/6/2025 0:00,0,7-Jul
48167,7/6/2025 1:00,0,7-Jul
48167,7/6/2025 2:00,0,7-Jul
48167,7/6/2025 3:00,0,7-Jul
48167,7/6/2025 4:00,0,7-Jul
48167,7/6/2025 5:00,0,7-Jul
48167,7/6/2025 6:00,0,7-Jul
48167,7/6/2025 7:00,0,7-Jul
48167,7/6/2025 8:00,0,7-Jul
48167,7/6/2025 9:00,0,7-Jul
48167,7/6/2025 10:00,0,7-Jul
48167,7/6/2025 11:00,0,7-Jul
48167,7/6/2025 12:00,0,7-Jul
48167,7/6/2025 13:00,0,7-Jul
48167,7/6/2025 14:00,0,7-Jul
48167,7/6/2025 15:00,0,7-Jul
48167,7/6/2025 16:00,0,7-Jul
48167,7/6/2025 17:00,0,7-Jul
48167,7/6/2025 18:00,0,7-Jul
48167,7/6/2025 19:00,0,7-Jul
48167,7/6/2025 20:00,0,7-Jul
48167,7/6/2025 21:00,0,7-Jul
48167,7/6/2025 22:00,0,7-Jul
48167,7/6/2025 23:00,0,7-Jul
48169,7/6/2025 0:00,0,7-Jul
48169,7/6/2025 1:00,0.005952381,7-Jul
48169,7/6/2025 2:00,0.011904762,7-Jul
48169,7/6/2025 3:00,0.005952381,7-Jul
48169,7/6/2025 4:00,0,7-Jul
48169,7/6/2025 5:00,0,7-Jul
48169,7/6/2025 6:00,0.011904762,7-Jul
48169,7/6/2025 7:00,0.017857143,7-Jul
48169,7/6/2025 8:00,0.017857143,7-Jul
48169,7/6/2025 9:00,0.023809524,7-Jul
48169,7/6/2025 10:00,0.023809524,7-Jul
48169,7/6/2025 11:00,0.029761905,7-Jul
48169,7/6/2025 12:00,0.029761905,7-Jul
48169,7/6/2025 13:00,0.029761905,7-Jul
48169,7/6/2025 14:00,0.029761905,7-Jul
48169,7/6/2025 15:00,0.035714286,7-Jul
48169,7/6/2025 16:00,0.011904762,7-Jul
48169,7/6/2025 17:00,0.005952381,7-Jul
48169,7/6/2025 18:00,0.005952381,7-Jul
48169,7/6/2025 19:00,0.005952381,7-Jul
48169,7/6/2025 20:00,0.005952381,7-Jul
48169,7/6/2025 21:00,0.005952381,7-Jul
48169,7/6/2025 22:00,0.005952381,7-Jul
48169,7/6/2025 23:00,0.005952381,7-Jul
48171,7/6/2025 0:00,0,7-Jul
48171,7/6/2025 1:00,0,7-Jul
48171,7/6/2025 2:00,0,7-Jul
48171,7/6/2025 3:00,0,7-Jul
48171,7/6/2025 4:00,0,7-Jul
48171,7/6/2025 5:00,0,7-Jul
48171,7/6/2025 6:00,0,7-Jul
48171,7/6/2025 7:00,0,7-Jul
48171,7/6/2025 8:00,0,7-Jul
48171,7/6/2025 9:00,0,7-Jul
48171,7/6/2025 10:00,0,7-Jul
48171,7/6/2025 11:00,0,7-Jul
48171,7/6/2025 12:00,0,7-Jul
48171,7/6/2025 13:00,0,7-Jul
48171,7/6/2025 14:00,0,7-Jul
48171,7/6/2025 15:00,0,7-Jul
48171,7/6/2025 16:00,0,7-Jul
48171,7/6/2025 17:00,0,7-Jul
48171,7/6/2025 18:00,0,7-Jul
48171,7/6/2025 19:00,0,7-Jul
48171,7/6/2025 20:00,0,7-Jul
48171,7/6/2025 21:00,0,7-Jul
48171,7/6/2025 22:00,0,7-Jul
48171,7/6/2025 23:00,0,7-Jul
48173,7/6/2025 0:00,0.041666667,7-Jul
48173,7/6/2025 1:00,0,7-Jul
48173,7/6/2025 2:00,0,7-Jul
48173,7/6/2025 3:00,0,7-Jul
48173,7/6/2025 4:00,0.006944444,7-Jul
48173,7/6/2025 5:00,0,7-Jul
48173,7/6/2025 6:00,0.006944444,7-Jul
48173,7/6/2025 7:00,0.006944444,7-Jul
48173,7/6/2025 8:00,0.006944444,7-Jul
48173,7/6/2025 9:00,0.006944444,7-Jul
48173,7/6/2025 10:00,0.006944444,7-Jul
48173,7/6/2025 11:00,0.006944444,7-Jul
48173,7/6/2025 12:00,0.006944444,7-Jul
48173,7/6/2025 13:00,0.006944444,7-Jul
48173,7/6/2025 14:00,0.006944444,7-Jul
48173,7/6/2025 15:00,0.006944444,7-Jul
48173,7/6/2025 16:00,0.006944444,7-Jul
48173,7/6/2025 17:00,0.006944444,7-Jul
48173,7/6/2025 18:00,0.006944444,7-Jul
48173,7/6/2025 19:00,0.006944444,7-Jul
48173,7/6/2025 20:00,0.006944444,7-Jul
48173,7/6/2025 21:00,0.006944444,7-Jul
48173,7/6/2025 22:00,0,7-Jul
48173,7/6/2025 23:00,0,7-Jul
48175,7/6/2025 0:00,0,7-Jul
48175,7/6/2025 1:00,0,7-Jul
48175,7/6/2025 2:00,0,7-Jul
48175,7/6/2025 3:00,0,7-Jul
48175,7/6/2025 4:00,0,7-Jul
48175,7/6/2025 5:00,0,7-Jul
48175,7/6/2025 6:00,0,7-Jul
48175,7/6/2025 7:00,0,7-Jul
48175,7/6/2025 8:00,0,7-Jul
48175,7/6/2025 9:00,0,7-Jul
48175,7/6/2025 10:00,0,7-Jul
48175,7/6/2025 11:00,0.008333333,7-Jul
48175,7/6/2025 12:00,0.008333333,7-Jul
48175,7/6/2025 13:00,0.008333333,7-Jul
48175,7/6/2025 14:00,0.008333333,7-Jul
48175,7/6/2025 15:00,0,7-Jul
48175,7/6/2025 16:00,0,7-Jul
48175,7/6/2025 17:00,0.008333333,7-Jul
48175,7/6/2025 18:00,0.008333333,7-Jul
48175,7/6/2025 19:00,0.008333333,7-Jul
48175,7/6/2025 20:00,0.016666667,7-Jul
48175,7/6/2025 21:00,0.058333333,7-Jul
48175,7/6/2025 22:00,0.1,7-Jul
48175,7/6/2025 23:00,0.1,7-Jul
48177,7/6/2025 0:00,0,7-Jul
48177,7/6/2025 1:00,0,7-Jul
48177,7/6/2025 2:00,0,7-Jul
48177,7/6/2025 3:00,0,7-Jul
48177,7/6/2025 4:00,0,7-Jul
48177,7/6/2025 5:00,0,7-Jul
48177,7/6/2025 6:00,0,7-Jul
48177,7/6/2025 7:00,0,7-Jul
48177,7/6/2025 8:00,0,7-Jul
48177,7/6/2025 9:00,0,7-Jul
48177,7/6/2025 10:00,0,7-Jul
48177,7/6/2025 11:00,0,7-Jul
48177,7/6/2025 12:00,0,7-Jul
48177,7/6/2025 13:00,0,7-Jul
48177,7/6/2025 14:00,0,7-Jul
48177,7/6/2025 15:00,0,7-Jul
48177,7/6/2025 16:00,0,7-Jul
48177,7/6/2025 17:00,0,7-Jul
48177,7/6/2025 18:00,0,7-Jul
48177,7/6/2025 19:00,0,7-Jul
48177,7/6/2025 20:00,0,7-Jul
48177,7/6/2025 21:00,0,7-Jul
48177,7/6/2025 22:00,0,7-Jul
48177,7/6/2025 23:00,0,7-Jul
48179,7/6/2025 0:00,0,7-Jul
48179,7/6/2025 1:00,0,7-Jul
48179,7/6/2025 2:00,0,7-Jul
48179,7/6/2025 3:00,0,7-Jul
48179,7/6/2025 4:00,0,7-Jul
48179,7/6/2025 5:00,0,7-Jul
48179,7/6/2025 6:00,0.011904762,7-Jul
48179,7/6/2025 7:00,0.011904762,7-Jul
48179,7/6/2025 8:00,0.005952381,7-Jul
48179,7/6/2025 9:00,0.005952381,7-Jul
48179,7/6/2025 10:00,0.011904762,7-Jul
48179,7/6/2025 11:00,0.011904762,7-Jul
48179,7/6/2025 12:00,0.017857143,7-Jul
48179,7/6/2025 13:00,0.023809524,7-Jul
48179,7/6/2025 14:00,0.023809524,7-Jul
48179,7/6/2025 15:00,0.017857143,7-Jul
48179,7/6/2025 16:00,0.017857143,7-Jul
48179,7/6/2025 17:00,0.017857143,7-Jul
48179,7/6/2025 18:00,0.011904762,7-Jul
48179,7/6/2025 19:00,0.011904762,7-Jul
48179,7/6/2025 20:00,0.011904762,7-Jul
48179,7/6/2025 21:00,0.011904762,7-Jul
48179,7/6/2025 22:00,0.011904762,7-Jul
48179,7/6/2025 23:00,0.011904762,7-Jul
48181,7/6/2025 0:00,0,7-Jul
48181,7/6/2025 1:00,0,7-Jul
48181,7/6/2025 2:00,0,7-Jul
48181,7/6/2025 3:00,0,7-Jul
48181,7/6/2025 4:00,0,7-Jul
48181,7/6/2025 5:00,0,7-Jul
48181,7/6/2025 6:00,0,7-Jul
48181,7/6/2025 7:00,0,7-Jul
48181,7/6/2025 8:00,0,7-Jul
48181,7/6/2025 9:00,0,7-Jul
48181,7/6/2025 10:00,0,7-Jul
48181,7/6/2025 11:00,0,7-Jul
48181,7/6/2025 12:00,0,7-Jul
48181,7/6/2025 13:00,0,7-Jul
48181,7/6/2025 14:00,0,7-Jul
48181,7/6/2025 15:00,0,7-Jul
48181,7/6/2025 16:00,0,7-Jul
48181,7/6/2025 17:00,0,7-Jul
48181,7/6/2025 18:00,0,7-Jul
48181,7/6/2025 19:00,0,7-Jul
48181,7/6/2025 20:00,0,7-Jul
48181,7/6/2025 21:00,0,7-Jul
48181,7/6/2025 22:00,0.010416667,7-Jul
48181,7/6/2025 23:00,0.010416667,7-Jul
48183,7/6/2025 0:00,0,7-Jul
48183,7/6/2025 1:00,0,7-Jul
48183,7/6/2025 2:00,0,7-Jul
48183,7/6/2025 3:00,0,7-Jul
48183,7/6/2025 4:00,0,7-Jul
48183,7/6/2025 5:00,0,7-Jul
48183,7/6/2025 6:00,0,7-Jul
48183,7/6/2025 7:00,0,7-Jul
48183,7/6/2025 8:00,0,7-Jul
48183,7/6/2025 9:00,0.010416667,7-Jul
48183,7/6/2025 10:00,0.010416667,7-Jul
48183,7/6/2025 11:00,0.010416667,7-Jul
48183,7/6/2025 12:00,0.010416667,7-Jul
48183,7/6/2025 13:00,0.010416667,7-Jul
48183,7/6/2025 14:00,0.020833333,7-Jul
48183,7/6/2025 15:00,0.072916667,7-Jul
48183,7/6/2025 16:00,0.104166667,7-Jul
48183,7/6/2025 17:00,0.104166667,7-Jul
48183,7/6/2025 18:00,0.104166667,7-Jul
48183,7/6/2025 19:00,0.0625,7-Jul
48183,7/6/2025 20:00,0.010416667,7-Jul
48183,7/6/2025 21:00,0.010416667,7-Jul
48183,7/6/2025 22:00,0.010416667,7-Jul
48183,7/6/2025 23:00,0.010416667,7-Jul
48185,7/6/2025 0:00,0,7-Jul
48185,7/6/2025 1:00,0,7-Jul
48185,7/6/2025 2:00,0,7-Jul
48185,7/6/2025 3:00,0,7-Jul
48185,7/6/2025 4:00,0.041666667,7-Jul
48185,7/6/2025 5:00,0.083333333,7-Jul
48185,7/6/2025 6:00,0.041666667,7-Jul
48185,7/6/2025 7:00,0,7-Jul
48185,7/6/2025 8:00,0,7-Jul
48185,7/6/2025 9:00,0,7-Jul
48185,7/6/2025 10:00,0,7-Jul
48185,7/6/2025 11:00,0,7-Jul
48185,7/6/2025 12:00,0,7-Jul
48185,7/6/2025 13:00,0,7-Jul
48185,7/6/2025 14:00,0,7-Jul
48185,7/6/2025 15:00,0,7-Jul
48185,7/6/2025 16:00,0,7-Jul
48185,7/6/2025 17:00,0,7-Jul
48185,7/6/2025 18:00,0,7-Jul
48185,7/6/2025 19:00,0,7-Jul
48185,7/6/2025 20:00,0,7-Jul
48185,7/6/2025 21:00,0,7-Jul
48185,7/6/2025 22:00,0,7-Jul
48185,7/6/2025 23:00,0,7-Jul
48187,7/6/2025 0:00,0,7-Jul
48187,7/6/2025 1:00,0,7-Jul
48187,7/6/2025 2:00,0,7-Jul
48187,7/6/2025 3:00,0,7-Jul
48187,7/6/2025 4:00,0,7-Jul
48187,7/6/2025 5:00,0,7-Jul
48187,7/6/2025 6:00,0,7-Jul
48187,7/6/2025 7:00,0,7-Jul
48187,7/6/2025 8:00,0,7-Jul
48187,7/6/2025 9:00,0,7-Jul
48187,7/6/2025 10:00,0,7-Jul
48187,7/6/2025 11:00,0,7-Jul
48187,7/6/2025 12:00,0,7-Jul
48187,7/6/2025 13:00,0,7-Jul
48187,7/6/2025 14:00,0,7-Jul
48187,7/6/2025 15:00,0,7-Jul
48187,7/6/2025 16:00,0,7-Jul
48187,7/6/2025 17:00,0,7-Jul
48187,7/6/2025 18:00,0,7-Jul
48187,7/6/2025 19:00,0,7-Jul
48187,7/6/2025 20:00,0,7-Jul
48187,7/6/2025 21:00,0,7-Jul
48187,7/6/2025 22:00,0,7-Jul
48187,7/6/2025 23:00,0,7-Jul
48189,7/6/2025 0:00,0.005952381,7-Jul
48189,7/6/2025 1:00,0.005952381,7-Jul
48189,7/6/2025 2:00,0.011904762,7-Jul
48189,7/6/2025 3:00,0.011904762,7-Jul
48189,7/6/2025 4:00,0.011904762,7-Jul
48189,7/6/2025 5:00,0.011904762,7-Jul
48189,7/6/2025 6:00,0.011904762,7-Jul
48189,7/6/2025 7:00,0.011904762,7-Jul
48189,7/6/2025 8:00,0.011904762,7-Jul
48189,7/6/2025 9:00,0.017857143,7-Jul
48189,7/6/2025 10:00,0.023809524,7-Jul
48189,7/6/2025 11:00,0.023809524,7-Jul
48189,7/6/2025 12:00,0.023809524,7-Jul
48189,7/6/2025 13:00,0.023809524,7-Jul
48189,7/6/2025 14:00,0.023809524,7-Jul
48189,7/6/2025 15:00,0.023809524,7-Jul
48189,7/6/2025 16:00,0.023809524,7-Jul
48189,7/6/2025 17:00,0.017857143,7-Jul
48189,7/6/2025 18:00,0.017857143,7-Jul
48189,7/6/2025 19:00,0.011904762,7-Jul
48189,7/6/2025 20:00,0.011904762,7-Jul
48189,7/6/2025 21:00,0.011904762,7-Jul
48189,7/6/2025 22:00,0.011904762,7-Jul
48189,7/6/2025 23:00,0.011904762,7-Jul
48191,7/6/2025 0:00,0.006944444,7-Jul
48191,7/6/2025 1:00,0.006944444,7-Jul
48191,7/6/2025 2:00,0.013888889,7-Jul
48191,7/6/2025 3:00,0.027777778,7-Jul
48191,7/6/2025 4:00,0.027777778,7-Jul
48191,7/6/2025 5:00,0.027777778,7-Jul
48191,7/6/2025 6:00,0.138888889,7-Jul
48191,7/6/2025 7:00,0.1875,7-Jul
48191,7/6/2025 8:00,0.131944444,7-Jul
48191,7/6/2025 9:00,0.138888889,7-Jul
48191,7/6/2025 10:00,0.1875,7-Jul
48191,7/6/2025 11:00,0.229166667,7-Jul
48191,7/6/2025 12:00,0.229166667,7-Jul
48191,7/6/2025 13:00,0.229166667,7-Jul
48191,7/6/2025 14:00,0.229166667,7-Jul
48191,7/6/2025 15:00,0.215277778,7-Jul
48191,7/6/2025 16:00,0.215277778,7-Jul
48191,7/6/2025 17:00,0.1875,7-Jul
48191,7/6/2025 18:00,0.131944444,7-Jul
48191,7/6/2025 19:00,0.090277778,7-Jul
48191,7/6/2025 20:00,0.090277778,7-Jul
48191,7/6/2025 21:00,0.090277778,7-Jul
48191,7/6/2025 22:00,0.090277778,7-Jul
48191,7/6/2025 23:00,0.090277778,7-Jul
48193,7/6/2025 0:00,0,7-Jul
48193,7/6/2025 1:00,0,7-Jul
48193,7/6/2025 2:00,0,7-Jul
48193,7/6/2025 3:00,0,7-Jul
48193,7/6/2025 4:00,0,7-Jul
48193,7/6/2025 5:00,0,7-Jul
48193,7/6/2025 6:00,0,7-Jul
48193,7/6/2025 7:00,0,7-Jul
48193,7/6/2025 8:00,0,7-Jul
48193,7/6/2025 9:00,0,7-Jul
48193,7/6/2025 10:00,0,7-Jul
48193,7/6/2025 11:00,0,7-Jul
48193,7/6/2025 12:00,0,7-Jul
48193,7/6/2025 13:00,0,7-Jul
48193,7/6/2025 14:00,0,7-Jul
48193,7/6/2025 15:00,0,7-Jul
48193,7/6/2025 16:00,0,7-Jul
48193,7/6/2025 17:00,0,7-Jul
48193,7/6/2025 18:00,0,7-Jul
48193,7/6/2025 19:00,0,7-Jul
48193,7/6/2025 20:00,0,7-Jul
48193,7/6/2025 21:00,0,7-Jul
48193,7/6/2025 22:00,0,7-Jul
48193,7/6/2025 23:00,0,7-Jul
48195,7/6/2025 0:00,0.008333333,7-Jul
48195,7/6/2025 1:00,0.008333333,7-Jul
48195,7/6/2025 2:00,0.008333333,7-Jul
48195,7/6/2025 3:00,0.008333333,7-Jul
48195,7/6/2025 4:00,0.008333333,7-Jul
48195,7/6/2025 5:00,0.008333333,7-Jul
48195,7/6/2025 6:00,0.016666667,7-Jul
48195,7/6/2025 7:00,0.008333333,7-Jul
48195,7/6/2025 8:00,0,7-Jul
48195,7/6/2025 9:00,0,7-Jul
48195,7/6/2025 10:00,0,7-Jul
48195,7/6/2025 11:00,0.041666667,7-Jul
48195,7/6/2025 12:00,0.083333333,7-Jul
48195,7/6/2025 13:00,0.091666667,7-Jul
48195,7/6/2025 14:00,0.05,7-Jul
48195,7/6/2025 15:00,0.008333333,7-Jul
48195,7/6/2025 16:00,0.008333333,7-Jul
48195,7/6/2025 17:00,0.008333333,7-Jul
48195,7/6/2025 18:00,0.008333333,7-Jul
48195,7/6/2025 19:00,0.008333333,7-Jul
48195,7/6/2025 20:00,0.008333333,7-Jul
48195,7/6/2025 21:00,0.008333333,7-Jul
48195,7/6/2025 22:00,0.008333333,7-Jul
48195,7/6/2025 23:00,0.008333333,7-Jul
48197,7/6/2025 0:00,0,7-Jul
48197,7/6/2025 1:00,0,7-Jul
48197,7/6/2025 2:00,0.020833333,7-Jul
48197,7/6/2025 3:00,0.041666667,7-Jul
48197,7/6/2025 4:00,0.041666667,7-Jul
48197,7/6/2025 5:00,0.041666667,7-Jul
48197,7/6/2025 6:00,0.104166667,7-Jul
48197,7/6/2025 7:00,0.166666667,7-Jul
48197,7/6/2025 8:00,0.104166667,7-Jul
48197,7/6/2025 9:00,0.135416667,7-Jul
48197,7/6/2025 10:00,0.177083333,7-Jul
48197,7/6/2025 11:00,0.177083333,7-Jul
48197,7/6/2025 12:00,0.177083333,7-Jul
48197,7/6/2025 13:00,0.177083333,7-Jul
48197,7/6/2025 14:00,0.177083333,7-Jul
48197,7/6/2025 15:00,0.15625,7-Jul
48197,7/6/2025 16:00,0.15625,7-Jul
48197,7/6/2025 17:00,0.114583333,7-Jul
48197,7/6/2025 18:00,0.104166667,7-Jul
48197,7/6/2025 19:00,0.104166667,7-Jul
48197,7/6/2025 20:00,0.104166667,7-Jul
48197,7/6/2025 21:00,0.104166667,7-Jul
48197,7/6/2025 22:00,0.104166667,7-Jul
48197,7/6/2025 23:00,0.104166667,7-Jul
48199,7/6/2025 0:00,0,7-Jul
48199,7/6/2025 1:00,0,7-Jul
48199,7/6/2025 2:00,0,7-Jul
48199,7/6/2025 3:00,0,7-Jul
48199,7/6/2025 4:00,0,7-Jul
48199,7/6/2025 5:00,0,7-Jul
48199,7/6/2025 6:00,0,7-Jul
48199,7/6/2025 7:00,0,7-Jul
48199,7/6/2025 8:00,0,7-Jul
48199,7/6/2025 9:00,0,7-Jul
48199,7/6/2025 10:00,0,7-Jul
48199,7/6/2025 11:00,0,7-Jul
48199,7/6/2025 12:00,0,7-Jul
48199,7/6/2025 13:00,0,7-Jul
48199,7/6/2025 14:00,0,7-Jul
48199,7/6/2025 15:00,0,7-Jul
48199,7/6/2025 16:00,0,7-Jul
48199,7/6/2025 17:00,0,7-Jul
48199,7/6/2025 18:00,0,7-Jul
48199,7/6/2025 19:00,0,7-Jul
48199,7/6/2025 20:00,0,7-Jul
48199,7/6/2025 21:00,0,7-Jul
48199,7/6/2025 22:00,0,7-Jul
48199,7/6/2025 23:00,0,7-Jul
48201,7/6/2025 0:00,0,7-Jul
48201,7/6/2025 1:00,0,7-Jul
48201,7/6/2025 2:00,0,7-Jul
48201,7/6/2025 3:00,0,7-Jul
48201,7/6/2025 4:00,0,7-Jul
48201,7/6/2025 5:00,0,7-Jul
48201,7/6/2025 6:00,0,7-Jul
48201,7/6/2025 7:00,0,7-Jul
48201,7/6/2025 8:00,0,7-Jul
48201,7/6/2025 9:00,0,7-Jul
48201,7/6/2025 10:00,0,7-Jul
48201,7/6/2025 11:00,0,7-Jul
48201,7/6/2025 12:00,0,7-Jul
48201,7/6/2025 13:00,0,7-Jul
48201,7/6/2025 14:00,0,7-Jul
48201,7/6/2025 15:00,0,7-Jul
48201,7/6/2025 16:00,0,7-Jul
48201,7/6/2025 17:00,0,7-Jul
48201,7/6/2025 18:00,0,7-Jul
48201,7/6/2025 19:00,0,7-Jul
48201,7/6/2025 20:00,0,7-Jul
48201,7/6/2025 21:00,0,7-Jul
48201,7/6/2025 22:00,0,7-Jul
48201,7/6/2025 23:00,0,7-Jul
48203,7/6/2025 0:00,0,7-Jul
48203,7/6/2025 1:00,0,7-Jul
48203,7/6/2025 2:00,0,7-Jul
48203,7/6/2025 3:00,0,7-Jul
48203,7/6/2025 4:00,0,7-Jul
48203,7/6/2025 5:00,0,7-Jul
48203,7/6/2025 6:00,0,7-Jul
48203,7/6/2025 7:00,0,7-Jul
48203,7/6/2025 8:00,0,7-Jul
48203,7/6/2025 9:00,0.008333333,7-Jul
48203,7/6/2025 10:00,0.008333333,7-Jul
48203,7/6/2025 11:00,0.008333333,7-Jul
48203,7/6/2025 12:00,0.008333333,7-Jul
48203,7/6/2025 13:00,0.008333333,7-Jul
48203,7/6/2025 14:00,0.008333333,7-Jul
48203,7/6/2025 15:00,0.025,7-Jul
48203,7/6/2025 16:00,0.016666667,7-Jul
48203,7/6/2025 17:00,0.016666667,7-Jul
48203,7/6/2025 18:00,0.016666667,7-Jul
48203,7/6/2025 19:00,0.008333333,7-Jul
48203,7/6/2025 20:00,0.008333333,7-Jul
48203,7/6/2025 21:00,0.008333333,7-Jul
48203,7/6/2025 22:00,0.008333333,7-Jul
48203,7/6/2025 23:00,0.008333333,7-Jul
48205,7/6/2025 0:00,0.010416667,7-Jul
48205,7/6/2025 1:00,0.010416667,7-Jul
48205,7/6/2025 2:00,0.052083333,7-Jul
48205,7/6/2025 3:00,0.09375,7-Jul
48205,7/6/2025 4:00,0.104166667,7-Jul
48205,7/6/2025 5:00,0.104166667,7-Jul
48205,7/6/2025 6:00,0.104166667,7-Jul
48205,7/6/2025 7:00,0.09375,7-Jul
48205,7/6/2025 8:00,0.09375,7-Jul
48205,7/6/2025 9:00,0.09375,7-Jul
48205,7/6/2025 10:00,0.104166667,7-Jul
48205,7/6/2025 11:00,0.104166667,7-Jul
48205,7/6/2025 12:00,0.104166667,7-Jul
48205,7/6/2025 13:00,0.09375,7-Jul
48205,7/6/2025 14:00,0.09375,7-Jul
48205,7/6/2025 15:00,0.083333333,7-Jul
48205,7/6/2025 16:00,0.083333333,7-Jul
48205,7/6/2025 17:00,0.041666667,7-Jul
48205,7/6/2025 18:00,0,7-Jul
48205,7/6/2025 19:00,0,7-Jul
48205,7/6/2025 20:00,0,7-Jul
48205,7/6/2025 21:00,0,7-Jul
48205,7/6/2025 22:00,0,7-Jul
48205,7/6/2025 23:00,0,7-Jul
48207,7/6/2025 0:00,0.005952381,7-Jul
48207,7/6/2025 1:00,0.005952381,7-Jul
48207,7/6/2025 2:00,0.005952381,7-Jul
48207,7/6/2025 3:00,0.005952381,7-Jul
48207,7/6/2025 4:00,0.011904762,7-Jul
48207,7/6/2025 5:00,0.041666667,7-Jul
48207,7/6/2025 6:00,0.071428571,7-Jul
48207,7/6/2025 7:00,0.119047619,7-Jul
48207,7/6/2025 8:00,0.154761905,7-Jul
48207,7/6/2025 9:00,0.154761905,7-Jul
48207,7/6/2025 10:00,0.148809524,7-Jul
48207,7/6/2025 11:00,0.160714286,7-Jul
48207,7/6/2025 12:00,0.166666667,7-Jul
48207,7/6/2025 13:00,0.166666667,7-Jul
48207,7/6/2025 14:00,0.113095238,7-Jul
48207,7/6/2025 15:00,0.06547619,7-Jul
48207,7/6/2025 16:00,0.089285714,7-Jul
48207,7/6/2025 17:00,0.06547619,7-Jul
48207,7/6/2025 18:00,0.011904762,7-Jul
48207,7/6/2025 19:00,0.011904762,7-Jul
48207,7/6/2025 20:00,0.011904762,7-Jul
48207,7/6/2025 21:00,0.011904762,7-Jul
48207,7/6/2025 22:00,0.011904762,7-Jul
48207,7/6/2025 23:00,0.011904762,7-Jul
48209,7/6/2025 0:00,0,7-Jul
48209,7/6/2025 1:00,0,7-Jul
48209,7/6/2025 2:00,0,7-Jul
48209,7/6/2025 3:00,0,7-Jul
48209,7/6/2025 4:00,0,7-Jul
48209,7/6/2025 5:00,0,7-Jul
48209,7/6/2025 6:00,0,7-Jul
48209,7/6/2025 7:00,0,7-Jul
48209,7/6/2025 8:00,0,7-Jul
48209,7/6/2025 9:00,0,7-Jul
48209,7/6/2025 10:00,0,7-Jul
48209,7/6/2025 11:00,0,7-Jul
48209,7/6/2025 12:00,0,7-Jul
48209,7/6/2025 13:00,0,7-Jul
48209,7/6/2025 14:00,0,7-Jul
48209,7/6/2025 15:00,0,7-Jul
48209,7/6/2025 16:00,0,7-Jul
48209,7/6/2025 17:00,0,7-Jul
48209,7/6/2025 18:00,0,7-Jul
48209,7/6/2025 19:00,0,7-Jul
48209,7/6/2025 20:00,0,7-Jul
48209,7/6/2025 21:00,0,7-Jul
48209,7/6/2025 22:00,0,7-Jul
48209,7/6/2025 23:00,0,7-Jul
48211,7/6/2025 0:00,0,7-Jul
48211,7/6/2025 1:00,0,7-Jul
48211,7/6/2025 2:00,0,7-Jul
48211,7/6/2025 3:00,0,7-Jul
48211,7/6/2025 4:00,0,7-Jul
48211,7/6/2025 5:00,0,7-Jul
48211,7/6/2025 6:00,0.052083333,7-Jul
48211,7/6/2025 7:00,0.09375,7-Jul
48211,7/6/2025 8:00,0.083333333,7-Jul
48211,7/6/2025 9:00,0.083333333,7-Jul
48211,7/6/2025 10:00,0.083333333,7-Jul
48211,7/6/2025 11:00,0.083333333,7-Jul
48211,7/6/2025 12:00,0.083333333,7-Jul
48211,7/6/2025 13:00,0.09375,7-Jul
48211,7/6/2025 14:00,0.09375,7-Jul
48211,7/6/2025 15:00,0.09375,7-Jul
48211,7/6/2025 16:00,0.09375,7-Jul
48211,7/6/2025 17:00,0.09375,7-Jul
48211,7/6/2025 18:00,0.052083333,7-Jul
48211,7/6/2025 19:00,0.010416667,7-Jul
48211,7/6/2025 20:00,0.010416667,7-Jul
48211,7/6/2025 21:00,0.010416667,7-Jul
48211,7/6/2025 22:00,0.010416667,7-Jul
48211,7/6/2025 23:00,0.010416667,7-Jul
48213,7/6/2025 0:00,0,7-Jul
48213,7/6/2025 1:00,0,7-Jul
48213,7/6/2025 2:00,0,7-Jul
48213,7/6/2025 3:00,0,7-Jul
48213,7/6/2025 4:00,0,7-Jul
48213,7/6/2025 5:00,0,7-Jul
48213,7/6/2025 6:00,0,7-Jul
48213,7/6/2025 7:00,0,7-Jul
48213,7/6/2025 8:00,0,7-Jul
48213,7/6/2025 9:00,0.005208333,7-Jul
48213,7/6/2025 10:00,0.005208333,7-Jul
48213,7/6/2025 11:00,0.005208333,7-Jul
48213,7/6/2025 12:00,0.010416667,7-Jul
48213,7/6/2025 13:00,0.010416667,7-Jul
48213,7/6/2025 14:00,0.010416667,7-Jul
48213,7/6/2025 15:00,0.010416667,7-Jul
48213,7/6/2025 16:00,0.010416667,7-Jul
48213,7/6/2025 17:00,0.010416667,7-Jul
48213,7/6/2025 18:00,0.005208333,7-Jul
48213,7/6/2025 19:00,0.005208333,7-Jul
48213,7/6/2025 20:00,0,7-Jul
48213,7/6/2025 21:00,0,7-Jul
48213,7/6/2025 22:00,0.005208333,7-Jul
48213,7/6/2025 23:00,0.010416667,7-Jul
48215,7/6/2025 0:00,0,7-Jul
48215,7/6/2025 1:00,0,7-Jul
48215,7/6/2025 2:00,0,7-Jul
48215,7/6/2025 3:00,0,7-Jul
48215,7/6/2025 4:00,0,7-Jul
48215,7/6/2025 5:00,0,7-Jul
48215,7/6/2025 6:00,0,7-Jul
48215,7/6/2025 7:00,0.008333333,7-Jul
48215,7/6/2025 8:00,0.008333333,7-Jul
48215,7/6/2025 9:00,0.008333333,7-Jul
48215,7/6/2025 10:00,0.008333333,7-Jul
48215,7/6/2025 11:00,0.008333333,7-Jul
48215,7/6/2025 12:00,0.008333333,7-Jul
48215,7/6/2025 13:00,0.008333333,7-Jul
48215,7/6/2025 14:00,0.008333333,7-Jul
48215,7/6/2025 15:00,0.008333333,7-Jul
48215,7/6/2025 16:00,0,7-Jul
48215,7/6/2025 17:00,0,7-Jul
48215,7/6/2025 18:00,0,7-Jul
48215,7/6/2025 19:00,0,7-Jul
48215,7/6/2025 20:00,0,7-Jul
48215,7/6/2025 21:00,0.008333333,7-Jul
48215,7/6/2025 22:00,0,7-Jul
48215,7/6/2025 23:00,0.008333333,7-Jul
48217,7/6/2025 0:00,0,7-Jul
48217,7/6/2025 1:00,0,7-Jul
48217,7/6/2025 2:00,0,7-Jul
48217,7/6/2025 3:00,0,7-Jul
48217,7/6/2025 4:00,0,7-Jul
48217,7/6/2025 5:00,0.041666667,7-Jul
48217,7/6/2025 6:00,0.090277778,7-Jul
48217,7/6/2025 7:00,0.083333333,7-Jul
48217,7/6/2025 8:00,0.041666667,7-Jul
48217,7/6/2025 9:00,0,7-Jul
48217,7/6/2025 10:00,0,7-Jul
48217,7/6/2025 11:00,0,7-Jul
48217,7/6/2025 12:00,0,7-Jul
48217,7/6/2025 13:00,0,7-Jul
48217,7/6/2025 14:00,0,7-Jul
48217,7/6/2025 15:00,0,7-Jul
48217,7/6/2025 16:00,0,7-Jul
48217,7/6/2025 17:00,0,7-Jul
48217,7/6/2025 18:00,0,7-Jul
48217,7/6/2025 19:00,0,7-Jul
48217,7/6/2025 20:00,0,7-Jul
48217,7/6/2025 21:00,0,7-Jul
48217,7/6/2025 22:00,0.048611111,7-Jul
48217,7/6/2025 23:00,0.097222222,7-Jul
48219,7/6/2025 0:00,0,7-Jul
48219,7/6/2025 1:00,0,7-Jul
48219,7/6/2025 2:00,0.010416667,7-Jul
48219,7/6/2025 3:00,0.005208333,7-Jul
48219,7/6/2025 4:00,0,7-Jul
48219,7/6/2025 5:00,0.005208333,7-Jul
48219,7/6/2025 6:00,0.010416667,7-Jul
48219,7/6/2025 7:00,0.015625,7-Jul
48219,7/6/2025 8:00,0.015625,7-Jul
48219,7/6/2025 9:00,0.015625,7-Jul
48219,7/6/2025 10:00,0.015625,7-Jul
48219,7/6/2025 11:00,0.015625,7-Jul
48219,7/6/2025 12:00,0.015625,7-Jul
48219,7/6/2025 13:00,0.015625,7-Jul
48219,7/6/2025 14:00,0.015625,7-Jul
48219,7/6/2025 15:00,0.015625,7-Jul
48219,7/6/2025 16:00,0.015625,7-Jul
48219,7/6/2025 17:00,0.020833333,7-Jul
48219,7/6/2025 18:00,0.010416667,7-Jul
48219,7/6/2025 19:00,0.010416667,7-Jul
48219,7/6/2025 20:00,0.005208333,7-Jul
48219,7/6/2025 21:00,0.005208333,7-Jul
48219,7/6/2025 22:00,0.005208333,7-Jul
48219,7/6/2025 23:00,0.005208333,7-Jul
48221,7/6/2025 0:00,0,7-Jul
48221,7/6/2025 1:00,0,7-Jul
48221,7/6/2025 2:00,0,7-Jul
48221,7/6/2025 3:00,0,7-Jul
48221,7/6/2025 4:00,0,7-Jul
48221,7/6/2025 5:00,0,7-Jul
48221,7/6/2025 6:00,0,7-Jul
48221,7/6/2025 7:00,0,7-Jul
48221,7/6/2025 8:00,0,7-Jul
48221,7/6/2025 9:00,0,7-Jul
48221,7/6/2025 10:00,0,7-Jul
48221,7/6/2025 11:00,0,7-Jul
48221,7/6/2025 12:00,0,7-Jul
48221,7/6/2025 13:00,0,7-Jul
48221,7/6/2025 14:00,0,7-Jul
48221,7/6/2025 15:00,0,7-Jul
48221,7/6/2025 16:00,0,7-Jul
48221,7/6/2025 17:00,0,7-Jul
48221,7/6/2025 18:00,0,7-Jul
48221,7/6/2025 19:00,0,7-Jul
48221,7/6/2025 20:00,0,7-Jul
48221,7/6/2025 21:00,0,7-Jul
48221,7/6/2025 22:00,0,7-Jul
48221,7/6/2025 23:00,0,7-Jul
48223,7/6/2025 0:00,0,7-Jul
48223,7/6/2025 1:00,0,7-Jul
48223,7/6/2025 2:00,0.008333333,7-Jul
48223,7/6/2025 3:00,0.008333333,7-Jul
48223,7/6/2025 4:00,0.008333333,7-Jul
48223,7/6/2025 5:00,0.008333333,7-Jul
48223,7/6/2025 6:00,0.008333333,7-Jul
48223,7/6/2025 7:00,0.008333333,7-Jul
48223,7/6/2025 8:00,0.008333333,7-Jul
48223,7/6/2025 9:00,0.008333333,7-Jul
48223,7/6/2025 10:00,0.008333333,7-Jul
48223,7/6/2025 11:00,0.008333333,7-Jul
48223,7/6/2025 12:00,0.008333333,7-Jul
48223,7/6/2025 13:00,0.008333333,7-Jul
48223,7/6/2025 14:00,0.008333333,7-Jul
48223,7/6/2025 15:00,0.008333333,7-Jul
48223,7/6/2025 16:00,0.008333333,7-Jul
48223,7/6/2025 17:00,0.008333333,7-Jul
48223,7/6/2025 18:00,0.008333333,7-Jul
48223,7/6/2025 19:00,0.008333333,7-Jul
48223,7/6/2025 20:00,0.008333333,7-Jul
48223,7/6/2025 21:00,0.008333333,7-Jul
48223,7/6/2025 22:00,0,7-Jul
48223,7/6/2025 23:00,0,7-Jul
48225,7/6/2025 0:00,0,7-Jul
48225,7/6/2025 1:00,0,7-Jul
48225,7/6/2025 2:00,0,7-Jul
48225,7/6/2025 3:00,0,7-Jul
48225,7/6/2025 4:00,0,7-Jul
48225,7/6/2025 5:00,0,7-Jul
48225,7/6/2025 6:00,0,7-Jul
48225,7/6/2025 7:00,0,7-Jul
48225,7/6/2025 8:00,0,7-Jul
48225,7/6/2025 9:00,0.005952381,7-Jul
48225,7/6/2025 10:00,0.005952381,7-Jul
48225,7/6/2025 11:00,0.047619048,7-Jul
48225,7/6/2025 12:00,0.089285714,7-Jul
48225,7/6/2025 13:00,0.089285714,7-Jul
48225,7/6/2025 14:00,0.047619048,7-Jul
48225,7/6/2025 15:00,0.005952381,7-Jul
48225,7/6/2025 16:00,0.041666667,7-Jul
48225,7/6/2025 17:00,0.083333333,7-Jul
48225,7/6/2025 18:00,0.083333333,7-Jul
48225,7/6/2025 19:00,0.083333333,7-Jul
48225,7/6/2025 20:00,0.083333333,7-Jul
48225,7/6/2025 21:00,0.041666667,7-Jul
48225,7/6/2025 22:00,0,7-Jul
48225,7/6/2025 23:00,0,7-Jul
48227,7/6/2025 0:00,0,7-Jul
48227,7/6/2025 1:00,0,7-Jul
48227,7/6/2025 2:00,0,7-Jul
48227,7/6/2025 3:00,0,7-Jul
48227,7/6/2025 4:00,0.006944444,7-Jul
48227,7/6/2025 5:00,0,7-Jul
48227,7/6/2025 6:00,0.006944444,7-Jul
48227,7/6/2025 7:00,0.013888889,7-Jul
48227,7/6/2025 8:00,0.013888889,7-Jul
48227,7/6/2025 9:00,0.020833333,7-Jul
48227,7/6/2025 10:00,0.020833333,7-Jul
48227,7/6/2025 11:00,0.020833333,7-Jul
48227,7/6/2025 12:00,0.020833333,7-Jul
48227,7/6/2025 13:00,0.020833333,7-Jul
48227,7/6/2025 14:00,0.020833333,7-Jul
48227,7/6/2025 15:00,0.020833333,7-Jul
48227,7/6/2025 16:00,0.006944444,7-Jul
48227,7/6/2025 17:00,0.006944444,7-Jul
48227,7/6/2025 18:00,0.006944444,7-Jul
48227,7/6/2025 19:00,0.006944444,7-Jul
48227,7/6/2025 20:00,0.006944444,7-Jul
48227,7/6/2025 21:00,0.006944444,7-Jul
48227,7/6/2025 22:00,0.006944444,7-Jul
48227,7/6/2025 23:00,0.006944444,7-Jul
48229,7/6/2025 0:00,0.020833333,7-Jul
48229,7/6/2025 1:00,0.03125,7-Jul
48229,7/6/2025 2:00,0.03125,7-Jul
48229,7/6/2025 3:00,0.03125,7-Jul
48229,7/6/2025 4:00,0.03125,7-Jul
48229,7/6/2025 5:00,0.020833333,7-Jul
48229,7/6/2025 6:00,0.03125,7-Jul
48229,7/6/2025 7:00,0.03125,7-Jul
48229,7/6/2025 8:00,0.041666667,7-Jul
48229,7/6/2025 9:00,0.041666667,7-Jul
48229,7/6/2025 10:00,0.041666667,7-Jul
48229,7/6/2025 11:00,0.041666667,7-Jul
48229,7/6/2025 12:00,0.041666667,7-Jul
48229,7/6/2025 13:00,0.041666667,7-Jul
48229,7/6/2025 14:00,0.052083333,7-Jul
48229,7/6/2025 15:00,0.052083333,7-Jul
48229,7/6/2025 16:00,0.041666667,7-Jul
48229,7/6/2025 17:00,0,7-Jul
48229,7/6/2025 18:00,0,7-Jul
48229,7/6/2025 19:00,0,7-Jul
48229,7/6/2025 20:00,0,7-Jul
48229,7/6/2025 21:00,0.010416667,7-Jul
48229,7/6/2025 22:00,0.010416667,7-Jul
48229,7/6/2025 23:00,0.020833333,7-Jul
48231,7/6/2025 0:00,0,7-Jul
48231,7/6/2025 1:00,0,7-Jul
48231,7/6/2025 2:00,0.005208333,7-Jul
48231,7/6/2025 3:00,0.005208333,7-Jul
48231,7/6/2025 4:00,0.005208333,7-Jul
48231,7/6/2025 5:00,0.005208333,7-Jul
48231,7/6/2025 6:00,0.005208333,7-Jul
48231,7/6/2025 7:00,0.005208333,7-Jul
48231,7/6/2025 8:00,0.005208333,7-Jul
48231,7/6/2025 9:00,0.005208333,7-Jul
48231,7/6/2025 10:00,0.005208333,7-Jul
48231,7/6/2025 11:00,0.005208333,7-Jul
48231,7/6/2025 12:00,0.010416667,7-Jul
48231,7/6/2025 13:00,0.010416667,7-Jul
48231,7/6/2025 14:00,0.005208333,7-Jul
48231,7/6/2025 15:00,0.005208333,7-Jul
48231,7/6/2025 16:00,0.010416667,7-Jul
48231,7/6/2025 17:00,0.010416667,7-Jul
48231,7/6/2025 18:00,0.005208333,7-Jul
48231,7/6/2025 19:00,0.005208333,7-Jul
48231,7/6/2025 20:00,0.005208333,7-Jul
48231,7/6/2025 21:00,0.005208333,7-Jul
48231,7/6/2025 22:00,0.005208333,7-Jul
48231,7/6/2025 23:00,0.005208333,7-Jul
48233,7/6/2025 0:00,0.008333333,7-Jul
48233,7/6/2025 1:00,0.008333333,7-Jul
48233,7/6/2025 2:00,0.008333333,7-Jul
48233,7/6/2025 3:00,0.008333333,7-Jul
48233,7/6/2025 4:00,0.008333333,7-Jul
48233,7/6/2025 5:00,0.008333333,7-Jul
48233,7/6/2025 6:00,0.016666667,7-Jul
48233,7/6/2025 7:00,0.008333333,7-Jul
48233,7/6/2025 8:00,0,7-Jul
48233,7/6/2025 9:00,0,7-Jul
48233,7/6/2025 10:00,0,7-Jul
48233,7/6/2025 11:00,0.008333333,7-Jul
48233,7/6/2025 12:00,0.008333333,7-Jul
48233,7/6/2025 13:00,0.016666667,7-Jul
48233,7/6/2025 14:00,0.008333333,7-Jul
48233,7/6/2025 15:00,0.008333333,7-Jul
48233,7/6/2025 16:00,0.008333333,7-Jul
48233,7/6/2025 17:00,0.008333333,7-Jul
48233,7/6/2025 18:00,0.008333333,7-Jul
48233,7/6/2025 19:00,0.008333333,7-Jul
48233,7/6/2025 20:00,0.008333333,7-Jul
48233,7/6/2025 21:00,0.008333333,7-Jul
48233,7/6/2025 22:00,0.008333333,7-Jul
48233,7/6/2025 23:00,0.008333333,7-Jul
48235,7/6/2025 0:00,0,7-Jul
48235,7/6/2025 1:00,0,7-Jul
48235,7/6/2025 2:00,0,7-Jul
48235,7/6/2025 3:00,0,7-Jul
48235,7/6/2025 4:00,0,7-Jul
48235,7/6/2025 5:00,0.010416667,7-Jul
48235,7/6/2025 6:00,0.020833333,7-Jul
48235,7/6/2025 7:00,0.03125,7-Jul
48235,7/6/2025 8:00,0.03125,7-Jul
48235,7/6/2025 9:00,0.03125,7-Jul
48235,7/6/2025 10:00,0.03125,7-Jul
48235,7/6/2025 11:00,0.03125,7-Jul
48235,7/6/2025 12:00,0.041666667,7-Jul
48235,7/6/2025 13:00,0.041666667,7-Jul
48235,7/6/2025 14:00,0.041666667,7-Jul
48235,7/6/2025 15:00,0.03125,7-Jul
48235,7/6/2025 16:00,0.020833333,7-Jul
48235,7/6/2025 17:00,0.020833333,7-Jul
48235,7/6/2025 18:00,0.020833333,7-Jul
48235,7/6/2025 19:00,0.020833333,7-Jul
48235,7/6/2025 20:00,0.020833333,7-Jul
48235,7/6/2025 21:00,0.020833333,7-Jul
48235,7/6/2025 22:00,0,7-Jul
48235,7/6/2025 23:00,0,7-Jul
48237,7/6/2025 0:00,0,7-Jul
48237,7/6/2025 1:00,0,7-Jul
48237,7/6/2025 2:00,0.005952381,7-Jul
48237,7/6/2025 3:00,0,7-Jul
48237,7/6/2025 4:00,0,7-Jul
48237,7/6/2025 5:00,0.005952381,7-Jul
48237,7/6/2025 6:00,0,7-Jul
48237,7/6/2025 7:00,0,7-Jul
48237,7/6/2025 8:00,0,7-Jul
48237,7/6/2025 9:00,0,7-Jul
48237,7/6/2025 10:00,0,7-Jul
48237,7/6/2025 11:00,0,7-Jul
48237,7/6/2025 12:00,0,7-Jul
48237,7/6/2025 13:00,0,7-Jul
48237,7/6/2025 14:00,0.005952381,7-Jul
48237,7/6/2025 15:00,0.011904762,7-Jul
48237,7/6/2025 16:00,0.011904762,7-Jul
48237,7/6/2025 17:00,0.005952381,7-Jul
48237,7/6/2025 18:00,0,7-Jul
48237,7/6/2025 19:00,0,7-Jul
48237,7/6/2025 20:00,0,7-Jul
48237,7/6/2025 21:00,0.005952381,7-Jul
48237,7/6/2025 22:00,0,7-Jul
48237,7/6/2025 23:00,0,7-Jul
48239,7/6/2025 0:00,0,7-Jul
48239,7/6/2025 1:00,0,7-Jul
48239,7/6/2025 2:00,0,7-Jul
48239,7/6/2025 3:00,0,7-Jul
48239,7/6/2025 4:00,0,7-Jul
48239,7/6/2025 5:00,0,7-Jul
48239,7/6/2025 6:00,0,7-Jul
48239,7/6/2025 7:00,0,7-Jul
48239,7/6/2025 8:00,0,7-Jul
48239,7/6/2025 9:00,0,7-Jul
48239,7/6/2025 10:00,0,7-Jul
48239,7/6/2025 11:00,0,7-Jul
48239,7/6/2025 12:00,0,7-Jul
48239,7/6/2025 13:00,0,7-Jul
48239,7/6/2025 14:00,0,7-Jul
48239,7/6/2025 15:00,0,7-Jul
48239,7/6/2025 16:00,0,7-Jul
48239,7/6/2025 17:00,0,7-Jul
48239,7/6/2025 18:00,0,7-Jul
48239,7/6/2025 19:00,0,7-Jul
48239,7/6/2025 20:00,0,7-Jul
48239,7/6/2025 21:00,0,7-Jul
48239,7/6/2025 22:00,0,7-Jul
48239,7/6/2025 23:00,0,7-Jul
