GEN UID,Bus ID,Unit Type,Fuel,MW Inj,MVAR Inj,V Setpoint p.u.,PMax MW,PMin MW,QMax MVAR,QMin MVAR,Min Down Time Hr,Min Up Time Hr,Ramp Rate MW/Min,Start Time Cold Hr,Start Time Warm Hr,Start Time Hot Hr,Start Heat Cold MBTU,Start Heat Warm MBTU,Start Heat Hot MBTU,Non Fuel Start Cost $,Fuel Price $/MMBTU,Output_pct_0,Output_pct_1,Output_pct_2,Output_pct_3,Output_pct_4,HR_avg_0,HR_incr_1,HR_incr_2,HR_incr_3,HR_incr_4,capex1,capex2,capex3,fuel_cost1,fuel_cost2,fuel_cost3,fixed_ops1,fixed_ops2,fixed_ops3,var_ops1,var_ops2,var_ops3
1,107,NUC,N,,,1,2430,729,894.24,-199.26,48,48,,,,,,,,1200,0,0.6,1,,,,0,17.44,,,,7040.489322,6966.178959,6731.224251,7.210946358,7.294679868,7.378403404,145.96,145.96,145.96,2.84,2.84,2.84
2,100,CT,G,,,1,304.6,91.38,170.58,-19.49,8,6,,,,,,,,69,0,0.6,1,,,,597,27.85,,,,958.3056411,928.7012334,908.9649616,21.62404,18.03036,22.80128,26.87,26.87,26.87,1.76,1.76,1.76
3,100,CT,G,,,1,236,70.8,132.16,-15.1,8,6,,,,,,,,61,0,0.6,1,,,,363,55,,,,958.3056411,928.7012334,908.9649616,21.62404,18.03036,22.80128,26.87,26.87,26.87,1.76,1.76,1.76
4,100,CT,G,,,1,176.4,52.92,98.78,-11.29,8,6,,,,,,,,46,0,0.6,1,,,,548,48.13,,,,958.3056411,928.7012334,908.9649616,21.62404,18.03036,22.80128,26.87,26.87,26.87,1.76,1.76,1.76
5,100,CT,G,,,1,380.7,114.21,213.19,-24.36,8,6,,,,,,,,37,0,0.6,1,,,,316,34.22,,,,958.3056411,928.7012334,908.9649616,21.62404,18.03036,22.80128,26.87,26.87,26.87,1.76,1.76,1.76
6,100,COAL,C,,,1,842.5,252.75,392.6,-102.79,12,24,,,,,,,,310,0,0.6,1,,,,1372,19.17,,,,3009.084047,2863.00038,2715.719307,19.27003,19.73475,18.93942,73.16,71.08,69.84,7.85,7.56,7.44
7,100,CT,G,,,1,177.3,53.19,99.29,-11.35,8,6,,,,,,,,59,0,0.6,1,,,,49,44.78,,,,958.3056411,928.7012334,908.9649616,21.62404,18.03036,22.80128,26.87,26.87,26.87,1.76,1.76,1.76
8,100,CT,G,,,1,381.8,114.54,213.81,-24.44,8,6,,,,,,,,62,0,0.6,1,,,,435,32.86,,,,958.3056411,928.7012334,908.9649616,21.62404,18.03036,22.80128,26.87,26.87,26.87,1.76,1.76,1.76
9,50,PV,S,,,1,5,0,0,0,0,0,,,,,,,,0,0,0.6,1,,,,0,0,,,,981.7075546,754.3966071,720.7850088,0,0,0,18.1653519,15.22157173,14.72060919,0,0,0
10,62,CT,G,,,1,92.7,27.81,51.91,-5.93,8,6,,,,,,,,61,0,0.6,1,,,,340,23.64,,,,958.3056411,928.7012334,908.9649616,21.62404,18.03036,22.80128,26.87,26.87,26.87,1.76,1.76,1.76
11,62,CT,G,,,1,678.1,203.43,379.74,-43.4,8,6,,,,,,,,69,0,0.6,1,,,,2129,53.29,,,,958.3056411,928.7012334,908.9649616,21.62404,18.03036,22.80128,26.87,26.87,26.87,1.76,1.76,1.76
12,62,CT,G,,,1,260,78,145.6,-16.64,8,6,,,,,,,,12,0,0.6,1,,,,413,33.14,,,,958.3056411,928.7012334,908.9649616,21.62404,18.03036,22.80128,26.87,26.87,26.87,1.76,1.76,1.76
13,62,CT,G,,,1,497.9,149.37,278.82,-31.87,8,6,,,,,,,,70,0,0.6,1,,,,3108,37.48,,,,958.3056411,928.7012334,908.9649616,21.62404,18.03036,22.80128,26.87,26.87,26.87,1.76,1.76,1.76
14,110,CT,G,,,1,22,6.6,12.32,-1.41,8,6,,,,,,,,12,0,0.6,1,,,,505,23.97,,,,958.3056411,928.7012334,908.9649616,21.62404,18.03036,22.80128,26.87,26.87,26.87,1.76,1.76,1.76
15,110,CT,G,,,1,50.1,15.03,28.06,-3.21,8,6,,,,,,,,44,0,0.6,1,,,,122,43.86,,,,958.3056411,928.7012334,908.9649616,21.62404,18.03036,22.80128,26.87,26.87,26.87,1.76,1.76,1.76
16,110,CT,G,,,1,203.2,60.96,94.69,-24.79,8,6,,,,,,,,76,0,0.6,1,,,,322,47.13,,,,958.3056411,928.7012334,908.9649616,21.62404,18.03036,22.80128,26.87,26.87,26.87,1.76,1.76,1.76
17,32,PV,S,,,1,80,0,0,0,0,0,,,,,,,,0,0,0.6,1,,,,0,0,,,,981.7075546,754.3966071,720.7850088,0,0,0,18.1653519,15.22157173,14.72060919,0,0,0
18,32,CT,G,,,1,432,129.6,241.92,-27.65,8,6,,,,,,,,75,0,0.6,1,,,,3088,50.76,,,,958.3056411,928.7012334,908.9649616,21.62404,18.03036,22.80128,26.87,26.87,26.87,1.76,1.76,1.76
19,32,WIND,W,,,1,643.2999894,0,332.25,0,0,0,,,,,,,,0,0,0.6,1,,,,0,0,,,,1206,955.919273,908.1233094,0,0,0,40.975,38.95,37.489375,0,0,0
20,32,WIND,W,,,1,780.1999894,0,408.91,0,0,0,,,,,,,,0,0,0.6,1,,,,0,0,,,,1206,955.919273,908.1233094,0,0,0,40.975,38.95,37.489375,0,0,0
21,50,PV,S,,,1,114.3333333,0,7.31,0,0,0,,,,,,,,0,0,0.6,1,,,,0,0,,,,981.7075546,754.3966071,720.7850088,0,0,0,18.1653519,15.22157173,14.72060919,0,0,0
22,50,PV,S,,,1,406.3333333,0,25.96,0,0,0,,,,,,,,0,0,0.6,1,,,,0,0,,,,981.7075546,754.3966071,720.7850088,0,0,0,18.1653519,15.22157173,14.72060919,0,0,0
23,50,WIND,W,,,1,108.7999816,0,12.52,0,0,0,,,,,,,,0,0,0.6,1,,,,0,0,,,,1206,955.919273,908.1233094,0,0,0,40.975,38.95,37.489375,0,0,0
24,50,WIND,W,,,1,192.4999756,0,30.35,0,0,0,,,,,,,,0,0,0.6,1,,,,0,0,,,,1206,955.919273,908.1233094,0,0,0,40.975,38.95,37.489375,0,0,0
25,100,CT,G,,,1,914.6,274.38,512.18,-58.53,8,6,,,,,,,,38,0,0.6,1,,,,2010,29.22,,,,958.3056411,928.7012334,908.9649616,21.62404,18.03036,22.80128,26.87,26.87,26.87,1.76,1.76,1.76
26,100,COAL,C,,,1,1530,459,712.98,-186.66,12,24,,,,,,,,360,0,0.6,1,,,,1862,18.93,,,,3009.084047,2863.00038,2715.719307,19.27003,19.73475,18.93942,73.16,71.08,69.84,7.85,7.56,7.44
27,100,CT,G,,,1,535.5,160.65,299.88,-34.27,8,6,,,,,,,,58,0,0.6,1,,,,3361,47.62,,,,958.3056411,928.7012334,908.9649616,21.62404,18.03036,22.80128,26.87,26.87,26.87,1.76,1.76,1.76
28,100,CT,G,,,1,25.7,7.71,14.39,-1.64,8,6,,,,,,,,33,0,0.6,1,,,,272,53.12,,,,958.3056411,928.7012334,908.9649616,21.62404,18.03036,22.80128,26.87,26.87,26.87,1.76,1.76,1.76
29,100,PV,S,,,1,13.33333333,0,2.04,0,0,0,,,,,,,,0,0,0.6,1,,,,0,0,,,,981.7075546,754.3966071,720.7850088,0,0,0,18.1653519,15.22157173,14.72060919,0,0,0
30,26,PV,S,,,1,926.6666667,0,59.21,0,0,0,,,,,,,,0,0,0.6,1,,,,0,0,,,,981.7075546,754.3966071,720.7850088,0,0,0,18.1653519,15.22157173,14.72060919,0,0,0
31,26,WIND,W,,,1,124.9999837,0,15.97,0,0,0,,,,,,,,0,0,0.6,1,,,,0,0,,,,1206,955.919273,908.1233094,0,0,0,40.975,38.95,37.489375,0,0,0
32,101,PV,S,,,1,9.333333333,0,1.08,0,0,0,,,,,,,,0,0,0.6,1,,,,0,0,,,,981.7075546,754.3966071,720.7850088,0,0,0,18.1653519,15.22157173,14.72060919,0,0,0
33,91,PV,S,,,1,5,0,0.58,0,0,0,,,,,,,,0,0,0.6,1,,,,0,0,,,,981.7075546,754.3966071,720.7850088,0,0,0,18.1653519,15.22157173,14.72060919,0,0,0
34,91,PV,S,,,1,8,0,0.92,0,0,0,,,,,,,,0,0,0.6,1,,,,0,0,,,,981.7075546,754.3966071,720.7850088,0,0,0,18.1653519,15.22157173,14.72060919,0,0,0
35,91,PV,S,,,1,8,0,0.92,0,0,0,,,,,,,,0,0,0.6,1,,,,0,0,,,,981.7075546,754.3966071,720.7850088,0,0,0,18.1653519,15.22157173,14.72060919,0,0,0
36,15,PV,S,,,1,20,0,2.3,0,0,0,,,,,,,,0,0,0.6,1,,,,0,0,,,,981.7075546,754.3966071,720.7850088,0,0,0,18.1653519,15.22157173,14.72060919,0,0,0
37,33,PV,S,,,1,9.333333333,0,1.08,0,0,0,,,,,,,,0,0,0.6,1,,,,0,0,,,,981.7075546,754.3966071,720.7850088,0,0,0,18.1653519,15.22157173,14.72060919,0,0,0
38,33,PV,S,,,1,12,0,1.38,0,0,0,,,,,,,,0,0,0.6,1,,,,0,0,,,,981.7075546,754.3966071,720.7850088,0,0,0,18.1653519,15.22157173,14.72060919,0,0,0
39,33,PV,S,,,1,8,0,0.92,0,0,0,,,,,,,,0,0,0.6,1,,,,0,0,,,,981.7075546,754.3966071,720.7850088,0,0,0,18.1653519,15.22157173,14.72060919,0,0,0
40,33,PV,S,,,1,8,0,0.92,0,0,0,,,,,,,,0,0,0.6,1,,,,0,0,,,,981.7075546,754.3966071,720.7850088,0,0,0,18.1653519,15.22157173,14.72060919,0,0,0
41,70,WIND,W,,,1,115.9999881,0,25.34,0,0,0,,,,,,,,0,0,0.6,1,,,,0,0,,,,1206,955.919273,908.1233094,0,0,0,40.975,38.95,37.489375,0,0,0
42,49,PV,S,,,1,105,0,12.1,0,0,0,,,,,,,,0,0,0.6,1,,,,0,0,,,,981.7075546,754.3966071,720.7850088,0,0,0,18.1653519,15.22157173,14.72060919,0,0,0
43,17,PV,S,,,1,60,0,6.91,0,0,0,,,,,,,,0,0,0.6,1,,,,0,0,,,,981.7075546,754.3966071,720.7850088,0,0,0,18.1653519,15.22157173,14.72060919,0,0,0
44,17,CT,G,,,1,108,32.4,41.47,-5.29,8,6,,,,,,,,35,0,0.6,1,,,,558,46.16,,,,958.3056411,928.7012334,908.9649616,21.62404,18.03036,22.80128,26.87,26.87,26.87,1.76,1.76,1.76
45,61,CT,G,,,1,54.9,16.47,21.08,-2.69,8,6,,,,,,,,14,0,0.6,1,,,,226,29.31,,,,958.3056411,928.7012334,908.9649616,21.62404,18.03036,22.80128,26.87,26.87,26.87,1.76,1.76,1.76
46,61,PV,S,,,1,50,0,5.76,0,0,0,,,,,,,,0,0,0.6,1,,,,0,0,,,,981.7075546,754.3966071,720.7850088,0,0,0,18.1653519,15.22157173,14.72060919,0,0,0
47,61,CT,G,,,1,60,18,23.04,-2.94,8,6,,,,,,,,44,0,0.6,1,,,,13,44.67,,,,958.3056411,928.7012334,908.9649616,21.62404,18.03036,22.80128,26.87,26.87,26.87,1.76,1.76,1.76
48,61,CT,G,,,1,44,13.2,16.9,-2.16,8,6,,,,,,,,35,0,0.6,1,,,,295,23.67,,,,958.3056411,928.7012334,908.9649616,21.62404,18.03036,22.80128,26.87,26.87,26.87,1.76,1.76,1.76
49,79,CT,G,,,1,639,191.7,297.77,-77.96,8,6,,,,,,,,7,0,0.6,1,,,,1971,28.35,,,,958.3056411,928.7012334,908.9649616,21.62404,18.03036,22.80128,26.87,26.87,26.87,1.76,1.76,1.76
50,79,CT,G,,,1,595,178.5,333.2,-38.08,8,6,,,,,,,,45,0,0.6,1,,,,2753,42.77,,,,958.3056411,928.7012334,908.9649616,21.62404,18.03036,22.80128,26.87,26.87,26.87,1.76,1.76,1.76
51,91,CT,G,,,1,242,72.6,135.52,-15.49,8,6,,,,,,,,59,0,0.6,1,,,,235,54.04,,,,958.3056411,928.7012334,908.9649616,21.62404,18.03036,22.80128,26.87,26.87,26.87,1.76,1.76,1.76
52,26,WIND,W,,,1,132.4999847,0,17.57,0,0,0,,,,,,,,0,0,0.6,1,,,,0,0,,,,1206,955.919273,908.1233094,0,0,0,40.975,38.95,37.489375,0,0,0
53,26,WIND,W,,,1,210.4999834,0,34.19,0,0,0,,,,,,,,0,0,0.6,1,,,,0,0,,,,1206,955.919273,908.1233094,0,0,0,40.975,38.95,37.489375,0,0,0
54,59,CT,G,,,1,1152.8,345.84,645.57,-73.78,8,6,,,,,,,,46,0,0.6,1,,,,1817,52.29,,,,958.3056411,928.7012334,908.9649616,21.62404,18.03036,22.80128,26.87,26.87,26.87,1.76,1.76,1.76
55,59,WIND,W,,,1,622.9999846,0,320.88,0,0,0,,,,,,,,0,0,0.6,1,,,,0,0,,,,1206,955.919273,908.1233094,0,0,0,40.975,38.95,37.489375,0,0,0
56,26,PV,S,,,1,273.3333333,0,17.47,0,0,0,,,,,,,,0,0,0.6,1,,,,0,0,,,,981.7075546,754.3966071,720.7850088,0,0,0,18.1653519,15.22157173,14.72060919,0,0,0
57,26,PV,S,,,1,260,0,16.61,0,0,0,,,,,,,,0,0,0.6,1,,,,0,0,,,,981.7075546,754.3966071,720.7850088,0,0,0,18.1653519,15.22157173,14.72060919,0,0,0
58,26,PV,S,,,1,500,0,31.95,0,0,0,,,,,,,,0,0,0.6,1,,,,0,0,,,,981.7075546,754.3966071,720.7850088,0,0,0,18.1653519,15.22157173,14.72060919,0,0,0
59,26,PV,S,,,1,491.6666667,0,31.42,0,0,0,,,,,,,,0,0,0.6,1,,,,0,0,,,,981.7075546,754.3966071,720.7850088,0,0,0,18.1653519,15.22157173,14.72060919,0,0,0
60,71,CT,G,,,1,201.6,60.48,42.94,-29.03,8,6,,,,,,,,16,0,0.6,1,,,,447,56.05,,,,958.3056411,928.7012334,908.9649616,21.62404,18.03036,22.80128,26.87,26.87,26.87,1.76,1.76,1.76
61,71,CT,G,,,1,201,60.3,42.81,-28.94,8,6,,,,,,,,55,0,0.6,1,,,,166,43.19,,,,958.3056411,928.7012334,908.9649616,21.62404,18.03036,22.80128,26.87,26.87,26.87,1.76,1.76,1.76
62,71,CT,G,,,1,283.2,84.96,60.32,-40.78,8,6,,,,,,,,25,0,0.6,1,,,,456,42.47,,,,958.3056411,928.7012334,908.9649616,21.62404,18.03036,22.80128,26.87,26.87,26.87,1.76,1.76,1.76
63,93,WIND,W,,,1,169.9999881,0,25.56,0,0,0,,,,,,,,0,0,0.6,1,,,,0,0,,,,1206,955.919273,908.1233094,0,0,0,40.975,38.95,37.489375,0,0,0
64,93,WIND,W,,,1,199.9999882,0,31.95,0,0,0,,,,,,,,0,0,0.6,1,,,,0,0,,,,1206,955.919273,908.1233094,0,0,0,40.975,38.95,37.489375,0,0,0
65,25,WIND,W,,,1,138.0000138,0,40.04,0,0,0,,,,,,,,0,0,0.6,1,,,,0,0,,,,1206,955.919273,908.1233094,0,0,0,40.975,38.95,37.489375,0,0,0
66,112,CT,G,,,1,24.9,7.47,0,0,8,6,,,,,,,,61,0,0.6,1,,,,311,51.31,,,,958.3056411,928.7012334,908.9649616,21.62404,18.03036,22.80128,26.87,26.87,26.87,1.76,1.76,1.76
67,14,PV,S,,,1,533.3333333,0,34.08,0,0,0,,,,,,,,0,0,0.6,1,,,,0,0,,,,981.7075546,754.3966071,720.7850088,0,0,0,18.1653519,15.22157173,14.72060919,0,0,0
68,74,WIND,W,,,1,34.00008831,0,17.89,0,0,0,,,,,,,,0,0,0.6,1,,,,0,0,,,,1206,955.919273,908.1233094,0,0,0,40.975,38.95,37.489375,0,0,0
69,91,PV,S,,,1,5,0,0.58,0,0,0,,,,,,,,0,0,0.6,1,,,,0,0,,,,981.7075546,754.3966071,720.7850088,0,0,0,18.1653519,15.22157173,14.72060919,0,0,0
70,57,CT,G,,,1,191.1,57.33,107.02,-12.23,8,6,,,,,,,,41,0,0.6,1,,,,27,52.38,,,,958.3056411,928.7012334,908.9649616,21.62404,18.03036,22.80128,26.87,26.87,26.87,1.76,1.76,1.76
71,57,CT,G,,,1,861,258.3,482.16,-55.1,8,6,,,,,,,,32,0,0.6,1,,,,3313,29.8,,,,958.3056411,928.7012334,908.9649616,21.62404,18.03036,22.80128,26.87,26.87,26.87,1.76,1.76,1.76
72,57,CT,G,,,1,450,135,252,-28.8,8,6,,,,,,,,75,0,0.6,1,,,,831,26.91,,,,958.3056411,928.7012334,908.9649616,21.62404,18.03036,22.80128,26.87,26.87,26.87,1.76,1.76,1.76
73,57,CT,G,,,1,56,16.8,0,0,8,6,,,,,,,,66,0,0.6,1,,,,306,37.37,,,,958.3056411,928.7012334,908.9649616,21.62404,18.03036,22.80128,26.87,26.87,26.87,1.76,1.76,1.76
74,19,WIND,W,,,1,217.6000262,0,124.7,0,0,0,,,,,,,,0,0,0.6,1,,,,0,0,,,,1206,955.919273,908.1233094,0,0,0,40.975,38.95,37.489375,0,0,0
75,98,CT,G,,,1,114,34.2,0,0,8,6,,,,,,,,35,0,0.6,1,,,,447,23.71,,,,958.3056411,928.7012334,908.9649616,21.62404,18.03036,22.80128,26.87,26.87,26.87,1.76,1.76,1.76
76,44,CT,G,,,1,453.5,136.05,211.33,-55.33,8,6,,,,,,,,59,0,0.6,1,,,,715,33.75,,,,958.3056411,928.7012334,908.9649616,21.62404,18.03036,22.80128,26.87,26.87,26.87,1.76,1.76,1.76
77,119,WIND,W,,,1,199.9999773,0,31.95,0,0,0,,,,,,,,0,0,0.6,1,,,,0,0,,,,1206,955.919273,908.1233094,0,0,0,40.975,38.95,37.489375,0,0,0
78,119,WIND,W,,,1,151.199977,0,21.56,0,0,0,,,,,,,,0,0,0.6,1,,,,0,0,,,,1206,955.919273,908.1233094,0,0,0,40.975,38.95,37.489375,0,0,0
79,119,WIND,W,,,1,87.49998257,0,7.99,0,0,0,,,,,,,,0,0,0.6,1,,,,0,0,,,,1206,955.919273,908.1233094,0,0,0,40.975,38.95,37.489375,0,0,0
80,119,WIND,W,,,1,141.4999815,0,19.49,0,0,0,,,,,,,,0,0,0.6,1,,,,0,0,,,,1206,955.919273,908.1233094,0,0,0,40.975,38.95,37.489375,0,0,0
81,119,WIND,W,,,1,184.9999773,0,28.76,0,0,0,,,,,,,,0,0,0.6,1,,,,0,0,,,,1206,955.919273,908.1233094,0,0,0,40.975,38.95,37.489375,0,0,0
82,119,WIND,W,,,1,130.4999826,0,17.15,0,0,0,,,,,,,,0,0,0.6,1,,,,0,0,,,,1206,955.919273,908.1233094,0,0,0,40.975,38.95,37.489375,0,0,0
83,119,WIND,W,,,1,290.9999776,0,51.33,0,0,0,,,,,,,,0,0,0.6,1,,,,0,0,,,,1206,955.919273,908.1233094,0,0,0,40.975,38.95,37.489375,0,0,0
84,42,WIND,W,,,1,1.81E-05,0,16.05,0,0,0,,,,,,,,0,0,0.6,1,,,,0,0,,,,1206,955.919273,908.1233094,0,0,0,40.975,38.95,37.489375,0,0,0
85,91,CT,G,,,1,168,50.4,94.08,-10.75,8,6,,,,,,,,77,0,0.6,1,,,,18,33.52,,,,958.3056411,928.7012334,908.9649616,21.62404,18.03036,22.80128,26.87,26.87,26.87,1.76,1.76,1.76
86,91,PV,S,,,1,25.33333333,0,0,0,0,0,,,,,,,,0,0,0.6,1,,,,0,0,,,,981.7075546,754.3966071,720.7850088,0,0,0,18.1653519,15.22157173,14.72060919,0,0,0
87,91,PV,S,,,1,129.3333333,0,0,0,0,0,,,,,,,,0,0,0.6,1,,,,0,0,,,,981.7075546,754.3966071,720.7850088,0,0,0,18.1653519,15.22157173,14.72060919,0,0,0
88,94,WIND,W,,,1,170.5999841,0,25.69,0,0,0,,,,,,,,0,0,0.6,1,,,,0,0,,,,1206,955.919273,908.1233094,0,0,0,40.975,38.95,37.489375,0,0,0
89,94,WIND,W,,,1,163.9999841,0,24.28,0,0,0,,,,,,,,0,0,0.6,1,,,,0,0,,,,1206,955.919273,908.1233094,0,0,0,40.975,38.95,37.489375,0,0,0
90,94,WIND,W,,,1,220.1999844,0,36.25,0,0,0,,,,,,,,0,0,0.6,1,,,,0,0,,,,1206,955.919273,908.1233094,0,0,0,40.975,38.95,37.489375,0,0,0
91,94,WIND,W,,,1,785.4999847,0,156.66,0,0,0,,,,,,,,0,0,0.6,1,,,,0,0,,,,1206,955.919273,908.1233094,0,0,0,40.975,38.95,37.489375,0,0,0
92,94,WIND,W,,,1,282.4999845,0,49.52,0,0,0,,,,,,,,0,0,0.6,1,,,,0,0,,,,1206,955.919273,908.1233094,0,0,0,40.975,38.95,37.489375,0,0,0
93,111,NUC,N,,,1,2708.6,812.58,996.76,-222.11,48,48,,,,,,,,1200,0,0.6,1,,,,0,17.44,,,,7040.489322,6966.178959,6731.224251,7.210946358,7.294679868,7.378403404,145.96,145.96,145.96,2.84,2.84,2.84
94,91,CT,G,,,1,63.1,18.93,29.4,-7.7,8,6,,,,,,,,71,0,0.6,1,,,,219,41.06,,,,958.3056411,928.7012334,908.9649616,21.62404,18.03036,22.80128,26.87,26.87,26.87,1.76,1.76,1.76
95,82,WIND,W,,,1,119.9999868,0,26.88,0,0,0,,,,,,,,0,0,0.6,1,,,,0,0,,,,1206,955.919273,908.1233094,0,0,0,40.975,38.95,37.489375,0,0,0
96,22,WIND,W,,,1,99.60002575,0,31.86,0,0,0,,,,,,,,0,0,0.6,1,,,,0,0,,,,1206,955.919273,908.1233094,0,0,0,40.975,38.95,37.489375,0,0,0
97,22,WIND,W,,,1,612.5000265,0,141.11,0,0,0,,,,,,,,0,0,0.6,1,,,,0,0,,,,1206,955.919273,908.1233094,0,0,0,40.975,38.95,37.489375,0,0,0
98,19,CT,G,,,1,150,45,31.95,-21.6,8,6,,,,,,,,55,0,0.6,1,,,,85,23.41,,,,958.3056411,928.7012334,908.9649616,21.62404,18.03036,22.80128,26.87,26.87,26.87,1.76,1.76,1.76
99,19,WIND,W,,,1,42.00002267,0,19.6,0,0,0,,,,,,,,0,0,0.6,1,,,,0,0,,,,1206,955.919273,908.1233094,0,0,0,40.975,38.95,37.489375,0,0,0
100,36,CT,G,,,1,618.7,185.61,346.47,-39.6,8,6,,,,,,,,7,0,0.6,1,,,,889,56.75,,,,958.3056411,928.7012334,908.9649616,21.62404,18.03036,22.80128,26.87,26.87,26.87,1.76,1.76,1.76
101,26,PV,S,,,1,18.66666667,0,3.14,0,0,0,,,,,,,,0,0,0.6,1,,,,0,0,,,,981.7075546,754.3966071,720.7850088,0,0,0,18.1653519,15.22157173,14.72060919,0,0,0
102,74,WIND,W,,,1,80.50009646,0,27.8,0,0,0,,,,,,,,0,0,0.6,1,,,,0,0,,,,1206,955.919273,908.1233094,0,0,0,40.975,38.95,37.489375,0,0,0
103,74,WIND,W,,,1,70.00009472,0,25.56,0,0,0,,,,,,,,0,0,0.6,1,,,,0,0,,,,1206,955.919273,908.1233094,0,0,0,40.975,38.95,37.489375,0,0,0
104,74,WIND,W,,,1,13.00007328,0,13.42,0,0,0,,,,,,,,0,0,0.6,1,,,,0,0,,,,1206,955.919273,908.1233094,0,0,0,40.975,38.95,37.489375,0,0,0
105,74,CT,G,,,1,249,74.7,53.04,-35.86,8,6,,,,,,,,47,0,0.6,1,,,,49,33.04,,,,958.3056411,928.7012334,908.9649616,21.62404,18.03036,22.80128,26.87,26.87,26.87,1.76,1.76,1.76
106,50,PV,S,,,1,400,0,25.56,0,0,0,,,,,,,,0,0,0.6,1,,,,0,0,,,,981.7075546,754.3966071,720.7850088,0,0,0,18.1653519,15.22157173,14.72060919,0,0,0
107,120,CT,G,,,1,150,45,31.95,-21.6,8,6,,,,,,,,52,0,0.6,1,,,,191,54.18,,,,958.3056411,928.7012334,908.9649616,21.62404,18.03036,22.80128,26.87,26.87,26.87,1.76,1.76,1.76
108,94,CT,G,,,1,169.5,50.85,36.1,-24.41,8,6,,,,,,,,62,0,0.6,1,,,,155,44.93,,,,958.3056411,928.7012334,908.9649616,21.62404,18.03036,22.80128,26.87,26.87,26.87,1.76,1.76,1.76
109,77,WIND,W,,,1,199.9999318,0,31.95,0,0,0,,,,,,,,0,0,0.6,1,,,,0,0,,,,1206,955.919273,908.1233094,0,0,0,40.975,38.95,37.489375,0,0,0
110,2,WIND,W,,,1,338.5999989,0,61.47,0,0,0,,,,,,,,0,0,0.6,1,,,,0,0,,,,1206,955.919273,908.1233094,0,0,0,40.975,38.95,37.489375,0,0,0
111,70,PV,S,,,1,32,0,3.69,0,0,0,,,,,,,,0,0,0.6,1,,,,0,0,,,,981.7075546,754.3966071,720.7850088,0,0,0,18.1653519,15.22157173,14.72060919,0,0,0
112,82,CT,G,,,1,250,75,140,-16,8,6,,,,,,,,56,0,0.6,1,,,,329,50.22,,,,958.3056411,928.7012334,908.9649616,21.62404,18.03036,22.80128,26.87,26.87,26.87,1.76,1.76,1.76
113,30,WIND,W,,,1,150.0001006,0,42.6,0,0,0,,,,,,,,0,0,0.6,1,,,,0,0,,,,1206,955.919273,908.1233094,0,0,0,40.975,38.95,37.489375,0,0,0
114,30,CT,G,,,1,165.6,49.68,35.27,-23.85,8,6,,,,,,,,78,0,0.6,1,,,,317,45.6,,,,958.3056411,928.7012334,908.9649616,21.62404,18.03036,22.80128,26.87,26.87,26.87,1.76,1.76,1.76
115,30,WIND,W,,,1,150.0001006,0,42.6,0,0,0,,,,,,,,0,0,0.6,1,,,,0,0,,,,1206,955.919273,908.1233094,0,0,0,40.975,38.95,37.489375,0,0,0
116,120,PV,S,,,1,199.3333333,0,12.74,0,0,0,,,,,,,,0,0,0.6,1,,,,0,0,,,,981.7075546,754.3966071,720.7850088,0,0,0,18.1653519,15.22157173,14.72060919,0,0,0
117,30,WIND,W,,,1,10.00007654,0,12.78,0,0,0,,,,,,,,0,0,0.6,1,,,,0,0,,,,1206,955.919273,908.1233094,0,0,0,40.975,38.95,37.489375,0,0,0
118,93,CT,G,,,1,225,67.5,47.93,-32.4,8,6,,,,,,,,71,0,0.6,1,,,,306,23.92,,,,958.3056411,928.7012334,908.9649616,21.62404,18.03036,22.80128,26.87,26.87,26.87,1.76,1.76,1.76
119,93,WIND,W,,,1,199.9999882,0,31.95,0,0,0,,,,,,,,0,0,0.6,1,,,,0,0,,,,1206,955.919273,908.1233094,0,0,0,40.975,38.95,37.489375,0,0,0
120,93,WIND,W,,,1,117.5999879,0,14.4,0,0,0,,,,,,,,0,0,0.6,1,,,,0,0,,,,1206,955.919273,908.1233094,0,0,0,40.975,38.95,37.489375,0,0,0
121,53,CT,G,,,1,1097.4,329.22,511.39,-133.88,8,6,,,,,,,,8,0,0.6,1,,,,1850,37.04,,,,958.3056411,928.7012334,908.9649616,21.62404,18.03036,22.80128,26.87,26.87,26.87,1.76,1.76,1.76
122,81,CT,G,,,1,243.3,72.99,113.38,-29.68,8,6,,,,,,,,21,0,0.6,1,,,,343,30.31,,,,958.3056411,928.7012334,908.9649616,21.62404,18.03036,22.80128,26.87,26.87,26.87,1.76,1.76,1.76
123,50,PV,S,,,1,6.666666667,0,1.02,0,0,0,,,,,,,,0,0,0.6,1,,,,0,0,,,,981.7075546,754.3966071,720.7850088,0,0,0,18.1653519,15.22157173,14.72060919,0,0,0
124,98,CT,G,,,1,44,13.2,0,0,8,6,,,,,,,,6,0,0.6,1,,,,107,48.94,,,,958.3056411,928.7012334,908.9649616,21.62404,18.03036,22.80128,26.87,26.87,26.87,1.76,1.76,1.76
125,50,WIND,W,,,1,174.1999763,0,26.45,0,0,0,,,,,,,,0,0,0.6,1,,,,0,0,,,,1206,955.919273,908.1233094,0,0,0,40.975,38.95,37.489375,0,0,0
126,50,PV,S,,,1,300,0,19.17,0,0,0,,,,,,,,0,0,0.6,1,,,,0,0,,,,981.7075546,754.3966071,720.7850088,0,0,0,18.1653519,15.22157173,14.72060919,0,0,0
127,50,PV,S,,,1,385,0,24.6,0,0,0,,,,,,,,0,0,0.6,1,,,,0,0,,,,981.7075546,754.3966071,720.7850088,0,0,0,18.1653519,15.22157173,14.72060919,0,0,0
128,50,WIND,W,,,1,249.499976,0,42.49,0,0,0,,,,,,,,0,0,0.6,1,,,,0,0,,,,1206,955.919273,908.1233094,0,0,0,40.975,38.95,37.489375,0,0,0
129,48,CT,G,,,1,126.5,37.95,26.94,-18.22,8,6,,,,,,,,51,0,0.6,1,,,,357,37.94,,,,958.3056411,928.7012334,908.9649616,21.62404,18.03036,22.80128,26.87,26.87,26.87,1.76,1.76,1.76
130,48,CT,G,,,1,209,62.7,44.52,-30.1,8,6,,,,,,,,14,0,0.6,1,,,,501,24.66,,,,958.3056411,928.7012334,908.9649616,21.62404,18.03036,22.80128,26.87,26.87,26.87,1.76,1.76,1.76
131,48,WIND,W,,,1,100.000041,0,31.95,0,0,0,,,,,,,,0,0,0.6,1,,,,0,0,,,,1206,955.919273,908.1233094,0,0,0,40.975,38.95,37.489375,0,0,0
132,48,WIND,W,,,1,147.000042,0,41.96,0,0,0,,,,,,,,0,0,0.6,1,,,,0,0,,,,1206,955.919273,908.1233094,0,0,0,40.975,38.95,37.489375,0,0,0
133,18,WIND,W,,,1,139.8039648,0,38.34,0,0,0,,,,,,,,0,0,0.6,1,,,,0,0,,,,1206,955.919273,908.1233094,0,0,0,40.975,38.95,37.489375,0,0,0
134,18,WIND,W,,,1,6.18E-05,0,1.92,0,0,0,,,,,,,,0,0,0.6,1,,,,0,0,,,,1206,955.919273,908.1233094,0,0,0,40.975,38.95,37.489375,0,0,0
135,18,WIND,W,,,1,187.3297783,0,42.62,0,0,0,,,,,,,,0,0,0.6,1,,,,0,0,,,,1206,955.919273,908.1233094,0,0,0,40.975,38.95,37.489375,0,0,0
136,85,WIND,W,,,1,153.0000243,0,43.24,0,0,0,,,,,,,,0,0,0.6,1,,,,0,0,,,,1206,955.919273,908.1233094,0,0,0,40.975,38.95,37.489375,0,0,0
137,85,CT,G,,,1,200,60,42.6,-28.8,8,6,,,,,,,,24,0,0.6,1,,,,80,53.6,,,,958.3056411,928.7012334,908.9649616,21.62404,18.03036,22.80128,26.87,26.87,26.87,1.76,1.76,1.76
138,85,CT,G,,,1,201.6,60.48,42.94,-29.03,8,6,,,,,,,,36,0,0.6,1,,,,194,35.29,,,,958.3056411,928.7012334,908.9649616,21.62404,18.03036,22.80128,26.87,26.87,26.87,1.76,1.76,1.76
139,70,WIND,W,,,1,149.7999882,0,21.26,0,0,0,,,,,,,,0,0,0.6,1,,,,0,0,,,,1206,955.919273,908.1233094,0,0,0,40.975,38.95,37.489375,0,0,0
140,2,WIND,W,,,1,250.5999989,0,42.73,0,0,0,,,,,,,,0,0,0.6,1,,,,0,0,,,,1206,955.919273,908.1233094,0,0,0,40.975,38.95,37.489375,0,0,0
141,14,WIND,W,,,1,229.9999967,0,38.34,0,0,0,,,,,,,,0,0,0.6,1,,,,0,0,,,,1206,955.919273,908.1233094,0,0,0,40.975,38.95,37.489375,0,0,0
142,14,PV,S,,,1,703.3333333,0,44.94,0,0,0,,,,,,,,0,0,0.6,1,,,,0,0,,,,981.7075546,754.3966071,720.7850088,0,0,0,18.1653519,15.22157173,14.72060919,0,0,0
143,53,WIND,W,,,1,238.499988,0,0,0,0,0,,,,,,,,0,0,0.6,1,,,,0,0,,,,1206,955.919273,908.1233094,0,0,0,40.975,38.95,37.489375,0,0,0
144,62,CT,G,,,1,52.1,15.63,26.52,-5.78,8,6,,,,,,,,75,0,0.6,1,,,,590,52.2,,,,958.3056411,928.7012334,908.9649616,21.62404,18.03036,22.80128,26.87,26.87,26.87,1.76,1.76,1.76
145,66,WIND,W,,,1,100.0000361,0,31.95,0,0,0,,,,,,,,0,0,0.6,1,,,,0,0,,,,1206,955.919273,908.1233094,0,0,0,40.975,38.95,37.489375,0,0,0
146,75,WIND,W,,,1,267.9999992,0,46.43,0,0,0,,,,,,,,0,0,0.6,1,,,,0,0,,,,1206,955.919273,908.1233094,0,0,0,40.975,38.95,37.489375,0,0,0
147,75,CT,G,,,1,181.7,54.51,38.7,-26.16,8,6,,,,,,,,22,0,0.6,1,,,,531,51.42,,,,958.3056411,928.7012334,908.9649616,21.62404,18.03036,22.80128,26.87,26.87,26.87,1.76,1.76,1.76
148,83,CT,G,,,1,13.9,4.17,0,0,8,6,,,,,,,,7,0,0.6,1,,,,418,47.68,,,,958.3056411,928.7012334,908.9649616,21.62404,18.03036,22.80128,26.87,26.87,26.87,1.76,1.76,1.76
149,52,CT,G,,,1,10,3,0,0,8,6,,,,,,,,25,0,0.6,1,,,,38,56.96,,,,958.3056411,928.7012334,908.9649616,21.62404,18.03036,22.80128,26.87,26.87,26.87,1.76,1.76,1.76
150,52,CT,G,,,1,10,3,0,0,8,6,,,,,,,,51,0,0.6,1,,,,77,46.77,,,,958.3056411,928.7012334,908.9649616,21.62404,18.03036,22.80128,26.87,26.87,26.87,1.76,1.76,1.76
151,52,CT,G,,,1,40.7,12.21,0,0,8,6,,,,,,,,7,0,0.6,1,,,,353,32,,,,958.3056411,928.7012334,908.9649616,21.62404,18.03036,22.80128,26.87,26.87,26.87,1.76,1.76,1.76
152,52,PV,S,,,1,14.66666667,0,0,0,0,0,,,,,,,,0,0,0.6,1,,,,0,0,,,,981.7075546,754.3966071,720.7850088,0,0,0,18.1653519,15.22157173,14.72060919,0,0,0
153,83,PV,S,,,1,18.33333333,0,0,0,0,0,,,,,,,,0,0,0.6,1,,,,0,0,,,,981.7075546,754.3966071,720.7850088,0,0,0,18.1653519,15.22157173,14.72060919,0,0,0
154,70,PV,S,,,1,132,0,0,0,0,0,,,,,,,,0,0,0.6,1,,,,0,0,,,,981.7075546,754.3966071,720.7850088,0,0,0,18.1653519,15.22157173,14.72060919,0,0,0
155,79,CT,G,,,1,30,9,0,0,8,6,,,,,,,,50,0,0.6,1,,,,507,55.02,,,,958.3056411,928.7012334,908.9649616,21.62404,18.03036,22.80128,26.87,26.87,26.87,1.76,1.76,1.76
156,43,CT,G,,,1,661.5,198.45,308.26,-80.7,8,6,,,,,,,,70,0,0.6,1,,,,2325,43.19,,,,958.3056411,928.7012334,908.9649616,21.62404,18.03036,22.80128,26.87,26.87,26.87,1.76,1.76,1.76
157,16,WIND,W,,,1,249.999999,0,42.6,0,0,0,,,,,,,,0,0,0.6,1,,,,0,0,,,,1206,955.919273,908.1233094,0,0,0,40.975,38.95,37.489375,0,0,0
158,16,PV,S,,,1,536.6666667,0,34.29,0,0,0,,,,,,,,0,0,0.6,1,,,,0,0,,,,981.7075546,754.3966071,720.7850088,0,0,0,18.1653519,15.22157173,14.72060919,0,0,0
159,38,WIND,W,,,1,1.46E-05,0,0,0,0,0,,,,,,,,0,0,0.6,1,,,,0,0,,,,1206,955.919273,908.1233094,0,0,0,40.975,38.95,37.489375,0,0,0
160,108,PV,S,,,1,4.666666667,0,0,0,0,0,,,,,,,,0,0,0.6,1,,,,0,0,,,,981.7075546,754.3966071,720.7850088,0,0,0,18.1653519,15.22157173,14.72060919,0,0,0
161,74,PV,S,,,1,100,0,6.39,0,0,0,,,,,,,,0,0,0.6,1,,,,0,0,,,,981.7075546,754.3966071,720.7850088,0,0,0,18.1653519,15.22157173,14.72060919,0,0,0
162,6,WIND,W,,,1,162.4999844,0,23.96,0,0,0,,,,,,,,0,0,0.6,1,,,,0,0,,,,1206,955.919273,908.1233094,0,0,0,40.975,38.95,37.489375,0,0,0
163,120,WIND,W,,,1,185.3999876,0,28.84,0,0,0,,,,,,,,0,0,0.6,1,,,,0,0,,,,1206,955.919273,908.1233094,0,0,0,40.975,38.95,37.489375,0,0,0
164,3,PV,S,,,1,33.33333333,0,0,0,0,0,,,,,,,,0,0,0.6,1,,,,0,0,,,,981.7075546,754.3966071,720.7850088,0,0,0,18.1653519,15.22157173,14.72060919,0,0,0
165,82,COAL,C,,,1,1175.4,352.62,547.74,-143.4,12,24,,,,,,,,356,0,0.6,1,,,,2367,18.54,,,,3009.084047,2863.00038,2715.719307,19.27003,19.73475,18.93942,73.16,71.08,69.84,7.85,7.56,7.44
166,27,CT,G,,,1,927.5,278.25,432.22,-113.15,8,6,,,,,,,,21,0,0.6,1,,,,2558,31.66,,,,958.3056411,928.7012334,908.9649616,21.62404,18.03036,22.80128,26.87,26.87,26.87,1.76,1.76,1.76
167,76,PV,S,,,1,10.66666667,0,1.63,0,0,0,,,,,,,,0,0,0.6,1,,,,0,0,,,,981.7075546,754.3966071,720.7850088,0,0,0,18.1653519,15.22157173,14.72060919,0,0,0
168,76,PV,S,,,1,5.333333333,0,0.81,0,0,0,,,,,,,,0,0,0.6,1,,,,0,0,,,,981.7075546,754.3966071,720.7850088,0,0,0,18.1653519,15.22157173,14.72060919,0,0,0
169,76,WIND,W,,,1,1.55E-05,0,0,0,0,0,,,,,,,,0,0,0.6,1,,,,0,0,,,,1206,955.919273,908.1233094,0,0,0,40.975,38.95,37.489375,0,0,0
170,76,PV,S,,,1,11.66666667,0,1.78,0,0,0,,,,,,,,0,0,0.6,1,,,,0,0,,,,981.7075546,754.3966071,720.7850088,0,0,0,18.1653519,15.22157173,14.72060919,0,0,0
171,76,CT,G,,,1,357.6,107.28,200.26,-22.89,8,6,,,,,,,,24,0,0.6,1,,,,406,43.4,,,,958.3056411,928.7012334,908.9649616,21.62404,18.03036,22.80128,26.87,26.87,26.87,1.76,1.76,1.76
172,13,PV,S,,,1,14,0,2.14,0,0,0,,,,,,,,0,0,0.6,1,,,,0,0,,,,981.7075546,754.3966071,720.7850088,0,0,0,18.1653519,15.22157173,14.72060919,0,0,0
173,13,PV,S,,,1,21.33333333,0,3.26,0,0,0,,,,,,,,0,0,0.6,1,,,,0,0,,,,981.7075546,754.3966071,720.7850088,0,0,0,18.1653519,15.22157173,14.72060919,0,0,0
174,13,CT,G,,,1,418,125.4,234.08,-26.75,8,6,,,,,,,,77,0,0.6,1,,,,1556,31.35,,,,958.3056411,928.7012334,908.9649616,21.62404,18.03036,22.80128,26.87,26.87,26.87,1.76,1.76,1.76
175,82,COAL,C,,,1,852.2,255.66,397.13,-103.97,12,24,,,,,,,,237,0,0.6,1,,,,2029,19.84,,,,3009.084047,2863.00038,2715.719307,19.27003,19.73475,18.93942,73.16,71.08,69.84,7.85,7.56,7.44
176,82,CT,G,,,1,1850.8,555.24,1036.45,-118.45,8,6,,,,,,,,73,0,0.6,1,,,,2164,32.69,,,,958.3056411,928.7012334,908.9649616,21.62404,18.03036,22.80128,26.87,26.87,26.87,1.76,1.76,1.76
177,98,COAL,C,,,1,1108.3,332.49,620.65,-70.93,12,24,,,,,,,,145,0,0.6,1,,,,2935,18.86,,,,3009.084047,2863.00038,2715.719307,19.27003,19.73475,18.93942,73.16,71.08,69.84,7.85,7.56,7.44
178,81,CT,G,,,1,803.2,240.96,449.79,-51.4,8,6,,,,,,,,79,0,0.6,1,,,,799,43.85,,,,958.3056411,928.7012334,908.9649616,21.62404,18.03036,22.80128,26.87,26.87,26.87,1.76,1.76,1.76
179,1,CT,G,,,1,109.9,32.97,55.94,-12.2,8,6,,,,,,,,62,0,0.6,1,,,,101,38.63,,,,958.3056411,928.7012334,908.9649616,21.62404,18.03036,22.80128,26.87,26.87,26.87,1.76,1.76,1.76
180,54,CT,G,,,1,939.6,281.88,526.18,-60.13,8,6,,,,,,,,33,0,0.6,1,,,,3039,49,,,,958.3056411,928.7012334,908.9649616,21.62404,18.03036,22.80128,26.87,26.87,26.87,1.76,1.76,1.76
181,98,COAL,C,,,1,1980,594,922.68,-241.56,12,24,,,,,,,,278,0,0.6,1,,,,1473,19.64,,,,3009.084047,2863.00038,2715.719307,19.27003,19.73475,18.93942,73.16,71.08,69.84,7.85,7.56,7.44
182,78,CT,G,,,1,2379.6,713.88,1108.89,-290.31,8,6,,,,,,,,24,0,0.6,1,,,,1261,32.54,,,,958.3056411,928.7012334,908.9649616,21.62404,18.03036,22.80128,26.87,26.87,26.87,1.76,1.76,1.76
183,1,CT,G,,,1,713.4,214.02,0,0,8,6,,,,,,,,44,0,0.6,1,,,,2955,55.24,,,,958.3056411,928.7012334,908.9649616,21.62404,18.03036,22.80128,26.87,26.87,26.87,1.76,1.76,1.76
184,98,CT,G,,,1,570,171,319.2,-36.48,8,6,,,,,,,,76,0,0.6,1,,,,2028,37.99,,,,958.3056411,928.7012334,908.9649616,21.62404,18.03036,22.80128,26.87,26.87,26.87,1.76,1.76,1.76
185,117,COAL,C,,,1,1186.8,356.04,553.05,-144.79,12,24,,,,,,,,114,0,0.6,1,,,,2454,18.83,,,,3009.084047,2863.00038,2715.719307,19.27003,19.73475,18.93942,73.16,71.08,69.84,7.85,7.56,7.44
186,102,CT,G,,,1,1036,310.8,580.16,-66.3,8,6,,,,,,,,30,0,0.6,1,,,,2012,34.65,,,,958.3056411,928.7012334,908.9649616,21.62404,18.03036,22.80128,26.87,26.87,26.87,1.76,1.76,1.76
187,55,COAL,C,,,1,1314.8,394.44,612.7,-160.41,12,24,,,,,,,,272,0,0.6,1,,,,2229,19.15,,,,3009.084047,2863.00038,2715.719307,19.27003,19.73475,18.93942,73.16,71.08,69.84,7.85,7.56,7.44
188,27,PV,S,,,1,19,0,0,0,0,0,,,,,,,,0,0,0.6,1,,,,0,0,,,,981.7075546,754.3966071,720.7850088,0,0,0,18.1653519,15.22157173,14.72060919,0,0,0
189,27,CT,G,,,1,746,223.8,417.76,-47.74,8,6,,,,,,,,71,0,0.6,1,,,,3562,40.21,,,,958.3056411,928.7012334,908.9649616,21.62404,18.03036,22.80128,26.87,26.87,26.87,1.76,1.76,1.76
190,58,PV,S,,,1,16,0,2.44,0,0,0,,,,,,,,0,0,0.6,1,,,,0,0,,,,981.7075546,754.3966071,720.7850088,0,0,0,18.1653519,15.22157173,14.72060919,0,0,0
191,58,PV,S,,,1,41.33333333,0,6.31,0,0,0,,,,,,,,0,0,0.6,1,,,,0,0,,,,981.7075546,754.3966071,720.7850088,0,0,0,18.1653519,15.22157173,14.72060919,0,0,0
192,58,WIND,W,,,1,332.5999964,0,158.26,0,0,0,,,,,,,,0,0,0.6,1,,,,0,0,,,,1206,955.919273,908.1233094,0,0,0,40.975,38.95,37.489375,0,0,0
193,58,CT,G,,,1,1734,520.2,971.04,-110.98,8,6,,,,,,,,49,0,0.6,1,,,,1040,55.64,,,,958.3056411,928.7012334,908.9649616,21.62404,18.03036,22.80128,26.87,26.87,26.87,1.76,1.76,1.76
194,7,WIND,W,,,1,176.499995,0,58.95,0,0,0,,,,,,,,0,0,0.6,1,,,,0,0,,,,1206,955.919273,908.1233094,0,0,0,40.975,38.95,37.489375,0,0,0
195,40,CT,G,,,1,1280,384,716.8,-81.92,8,6,,,,,,,,11,0,0.6,1,,,,2874,49.18,,,,958.3056411,928.7012334,908.9649616,21.62404,18.03036,22.80128,26.87,26.87,26.87,1.76,1.76,1.76
196,87,PV,S,,,1,10.66666667,0,1.63,0,0,0,,,,,,,,0,0,0.6,1,,,,0,0,,,,981.7075546,754.3966071,720.7850088,0,0,0,18.1653519,15.22157173,14.72060919,0,0,0
197,87,CT,G,,,1,427.7,128.31,199.31,-52.18,8,6,,,,,,,,76,0,0.6,1,,,,1402,33.18,,,,958.3056411,928.7012334,908.9649616,21.62404,18.03036,22.80128,26.87,26.87,26.87,1.76,1.76,1.76
198,43,PV,S,,,1,20,0,0,0,0,0,,,,,,,,0,0,0.6,1,,,,0,0,,,,981.7075546,754.3966071,720.7850088,0,0,0,18.1653519,15.22157173,14.72060919,0,0,0
199,63,WIND,W,,,1,129.9999691,0,44.8,0,0,0,,,,,,,,0,0,0.6,1,,,,0,0,,,,1206,955.919273,908.1233094,0,0,0,40.975,38.95,37.489375,0,0,0
200,63,PV,S,,,1,34.66666667,0,5.29,0,0,0,,,,,,,,0,0,0.6,1,,,,0,0,,,,981.7075546,754.3966071,720.7850088,0,0,0,18.1653519,15.22157173,14.72060919,0,0,0
201,42,CT,G,,,1,603.6,181.08,281.28,-73.64,8,6,,,,,,,,53,0,0.6,1,,,,1182,53.74,,,,958.3056411,928.7012334,908.9649616,21.62404,18.03036,22.80128,26.87,26.87,26.87,1.76,1.76,1.76
202,115,CT,G,,,1,788.4,236.52,441.5,-50.46,8,6,,,,,,,,19,0,0.6,1,,,,1054,56.45,,,,958.3056411,928.7012334,908.9649616,21.62404,18.03036,22.80128,26.87,26.87,26.87,1.76,1.76,1.76
203,99,CT,G,,,1,803.2,240.96,449.79,-51.4,8,6,,,,,,,,59,0,0.6,1,,,,3625,29.19,,,,958.3056411,928.7012334,908.9649616,21.62404,18.03036,22.80128,26.87,26.87,26.87,1.76,1.76,1.76
204,28,WIND,W,,,1,856.9999804,0,451.92,0,0,0,,,,,,,,0,0,0.6,1,,,,0,0,,,,1206,955.919273,908.1233094,0,0,0,40.975,38.95,37.489375,0,0,0
205,77,WIND,W,,,1,1057.999957,0,469.73,0,0,0,,,,,,,,0,0,0.6,1,,,,0,0,,,,1206,955.919273,908.1233094,0,0,0,40.975,38.95,37.489375,0,0,0
206,22,WIND,W,,,1,1799.800027,0,862.01,0,0,0,,,,,,,,0,0,0.6,1,,,,0,0,,,,1206,955.919273,908.1233094,0,0,0,40.975,38.95,37.489375,0,0,0
207,89,CT,G,,,1,634.7,190.41,295.77,-77.43,8,6,,,,,,,,28,0,0.6,1,,,,975,26.44,,,,958.3056411,928.7012334,908.9649616,21.62404,18.03036,22.80128,26.87,26.87,26.87,1.76,1.76,1.76
208,86,CT,G,,,1,153.9,46.17,86.18,-9.85,8,6,,,,,,,,43,0,0.6,1,,,,420,29.66,,,,958.3056411,928.7012334,908.9649616,21.62404,18.03036,22.80128,26.87,26.87,26.87,1.76,1.76,1.76
209,89,CT,G,,,1,590.6,177.18,275.22,-72.05,8,6,,,,,,,,28,0,0.6,1,,,,673,25.32,,,,958.3056411,928.7012334,908.9649616,21.62404,18.03036,22.80128,26.87,26.87,26.87,1.76,1.76,1.76
210,106,PV,S,,,1,4.333333333,0,0.66,0,0,0,,,,,,,,0,0,0.6,1,,,,0,0,,,,981.7075546,754.3966071,720.7850088,0,0,0,18.1653519,15.22157173,14.72060919,0,0,0
211,106,CT,G,,,1,536.4,160.92,300.38,-34.33,8,6,,,,,,,,40,0,0.6,1,,,,1821,49.27,,,,958.3056411,928.7012334,908.9649616,21.62404,18.03036,22.80128,26.87,26.87,26.87,1.76,1.76,1.76
212,92,CT,G,,,1,230,69,128.8,-14.72,8,6,,,,,,,,28,0,0.6,1,,,,61,29.13,,,,958.3056411,928.7012334,908.9649616,21.62404,18.03036,22.80128,26.87,26.87,26.87,1.76,1.76,1.76
213,90,CT,G,,,1,35,10.5,16.31,-4.27,8,6,,,,,,,,7,0,0.6,1,,,,66,49.72,,,,958.3056411,928.7012334,908.9649616,21.62404,18.03036,22.80128,26.87,26.87,26.87,1.76,1.76,1.76
214,90,PV,S,,,1,25,0,0,0,0,0,,,,,,,,0,0,0.6,1,,,,0,0,,,,981.7075546,754.3966071,720.7850088,0,0,0,18.1653519,15.22157173,14.72060919,0,0,0
215,90,CT,G,,,1,923.8,277.14,517.33,-59.12,8,6,,,,,,,,50,0,0.6,1,,,,1258,39.21,,,,958.3056411,928.7012334,908.9649616,21.62404,18.03036,22.80128,26.87,26.87,26.87,1.76,1.76,1.76
216,68,CT,G,,,1,48,14.4,26.88,-3.07,8,6,,,,,,,,57,0,0.6,1,,,,369,32.84,,,,958.3056411,928.7012334,908.9649616,21.62404,18.03036,22.80128,26.87,26.87,26.87,1.76,1.76,1.76
217,68,PV,S,,,1,16.66666667,0,2.8,0,0,0,,,,,,,,0,0,0.6,1,,,,0,0,,,,981.7075546,754.3966071,720.7850088,0,0,0,18.1653519,15.22157173,14.72060919,0,0,0
218,68,PV,S,,,1,23,0,3.86,0,0,0,,,,,,,,0,0,0.6,1,,,,0,0,,,,981.7075546,754.3966071,720.7850088,0,0,0,18.1653519,15.22157173,14.72060919,0,0,0
219,68,PV,S,,,1,15.66666667,0,0,0,0,0,,,,,,,,0,0,0.6,1,,,,0,0,,,,981.7075546,754.3966071,720.7850088,0,0,0,18.1653519,15.22157173,14.72060919,0,0,0
220,68,CT,G,,,1,815,244.5,456.4,-52.16,8,6,,,,,,,,25,0,0.6,1,,,,1533,41.47,,,,958.3056411,928.7012334,908.9649616,21.62404,18.03036,22.80128,26.87,26.87,26.87,1.76,1.76,1.76
221,90,PV,S,,,1,13.33333333,0,2.04,0,0,0,,,,,,,,0,0,0.6,1,,,,0,0,,,,981.7075546,754.3966071,720.7850088,0,0,0,18.1653519,15.22157173,14.72060919,0,0,0
222,90,CT,G,,,1,878.4,263.52,409.33,-107.16,8,6,,,,,,,,65,0,0.6,1,,,,2327,47.09,,,,958.3056411,928.7012334,908.9649616,21.62404,18.03036,22.80128,26.87,26.87,26.87,1.76,1.76,1.76
223,100,CT,G,,,1,453.2,135.96,253.79,-29,8,6,,,,,,,,17,0,0.6,1,,,,2943,42.96,,,,958.3056411,928.7012334,908.9649616,21.62404,18.03036,22.80128,26.87,26.87,26.87,1.76,1.76,1.76
224,100,CT,G,,,1,252,75.6,0,0,8,6,,,,,,,,57,0,0.6,1,,,,289,55.75,,,,958.3056411,928.7012334,908.9649616,21.62404,18.03036,22.80128,26.87,26.87,26.87,1.76,1.76,1.76
225,86,PV,S,,,1,12.33333333,0,2.07,0,0,0,,,,,,,,0,0,0.6,1,,,,0,0,,,,981.7075546,754.3966071,720.7850088,0,0,0,18.1653519,15.22157173,14.72060919,0,0,0
226,86,CT,G,,,1,102.7,30.81,57.51,-6.57,8,6,,,,,,,,75,0,0.6,1,,,,156,54.7,,,,958.3056411,928.7012334,908.9649616,21.62404,18.03036,22.80128,26.87,26.87,26.87,1.76,1.76,1.76
227,54,CT,G,,,1,1189.9,356.97,666.34,-76.15,8,6,,,,,,,,49,0,0.6,1,,,,663,37.29,,,,958.3056411,928.7012334,908.9649616,21.62404,18.03036,22.80128,26.87,26.87,26.87,1.76,1.76,1.76
228,44,CT,G,,,1,10.2,3.06,5.19,-1.13,8,6,,,,,,,,31,0,0.6,1,,,,208,52.66,,,,958.3056411,928.7012334,908.9649616,21.62404,18.03036,22.80128,26.87,26.87,26.87,1.76,1.76,1.76
229,44,CT,G,,,1,918.3,275.49,514.25,-58.77,8,6,,,,,,,,7,0,0.6,1,,,,2112,38.55,,,,958.3056411,928.7012334,908.9649616,21.62404,18.03036,22.80128,26.87,26.87,26.87,1.76,1.76,1.76
230,91,CT,G,,,1,1690,507,787.54,-206.18,8,6,,,,,,,,66,0,0.6,1,,,,1637,41.73,,,,958.3056411,928.7012334,908.9649616,21.62404,18.03036,22.80128,26.87,26.87,26.87,1.76,1.76,1.76
231,91,CT,G,,,1,101.9,30.57,57.06,-6.52,8,6,,,,,,,,48,0,0.6,1,,,,600,27.82,,,,958.3056411,928.7012334,908.9649616,21.62404,18.03036,22.80128,26.87,26.87,26.87,1.76,1.76,1.76
232,91,COAL,C,,,1,939.7,281.91,526.23,-60.14,12,24,,,,,,,,368,0,0.6,1,,,,2470,18.48,,,,3009.084047,2863.00038,2715.719307,19.27003,19.73475,18.93942,73.16,71.08,69.84,7.85,7.56,7.44
233,91,PV,S,,,1,14.33333333,0,2.41,0,0,0,,,,,,,,0,0,0.6,1,,,,0,0,,,,981.7075546,754.3966071,720.7850088,0,0,0,18.1653519,15.22157173,14.72060919,0,0,0
234,91,CT,G,,,1,643.6,193.08,360.42,-41.19,8,6,,,,,,,,25,0,0.6,1,,,,2859,32.09,,,,958.3056411,928.7012334,908.9649616,21.62404,18.03036,22.80128,26.87,26.87,26.87,1.76,1.76,1.76
235,65,CT,G,,,1,4008.4,1202.52,1867.91,-489.02,8,6,,,,,,,,11,0,0.6,1,,,,1913,42.32,,,,958.3056411,928.7012334,908.9649616,21.62404,18.03036,22.80128,26.87,26.87,26.87,1.76,1.76,1.76
236,31,WIND,W,,,1,530.1000171,0,324.86,0,0,0,,,,,,,,0,0,0.6,1,,,,0,0,,,,1206,955.919273,908.1233094,0,0,0,40.975,38.95,37.489375,0,0,0
237,19,WIND,W,,,1,522.0000273,0,320.32,0,0,0,,,,,,,,0,0,0.6,1,,,,0,0,,,,1206,955.919273,908.1233094,0,0,0,40.975,38.95,37.489375,0,0,0
238,49,PV,S,,,1,136.6666667,0,22.96,0,0,0,,,,,,,,0,0,0.6,1,,,,0,0,,,,981.7075546,754.3966071,720.7850088,0,0,0,18.1653519,15.22157173,14.72060919,0,0,0
239,33,CT,G,,,1,15,4.5,8.4,-0.96,8,6,,,,,,,,4,0,0.6,1,,,,419,35.24,,,,958.3056411,928.7012334,908.9649616,21.62404,18.03036,22.80128,26.87,26.87,26.87,1.76,1.76,1.76
240,15,PV,S,,,1,22.66666667,0,3.46,0,0,0,,,,,,,,0,0,0.6,1,,,,0,0,,,,981.7075546,754.3966071,720.7850088,0,0,0,18.1653519,15.22157173,14.72060919,0,0,0
241,15,COAL,C,,,1,1176,352.8,658.56,-75.26,12,24,,,,,,,,238,0,0.6,1,,,,2972,19.38,,,,3009.084047,2863.00038,2715.719307,19.27003,19.73475,18.93942,73.16,71.08,69.84,7.85,7.56,7.44
242,52,CT,G,,,1,1795.4,538.62,836.66,-219.04,8,6,,,,,,,,17,0,0.6,1,,,,3296,44.18,,,,958.3056411,928.7012334,908.9649616,21.62404,18.03036,22.80128,26.87,26.87,26.87,1.76,1.76,1.76
243,88,CT,G,,,1,376.9,113.07,211.06,-24.12,8,6,,,,,,,,59,0,0.6,1,,,,37,50.29,,,,958.3056411,928.7012334,908.9649616,21.62404,18.03036,22.80128,26.87,26.87,26.87,1.76,1.76,1.76
244,33,CT,G,,,1,215.2,64.56,120.51,-13.77,8,6,,,,,,,,75,0,0.6,1,,,,8,44.91,,,,958.3056411,928.7012334,908.9649616,21.62404,18.03036,22.80128,26.87,26.87,26.87,1.76,1.76,1.76
245,113,WIND,W,,,1,260.0000216,0,144.46,0,0,0,,,,,,,,0,0,0.6,1,,,,0,0,,,,1206,955.919273,908.1233094,0,0,0,40.975,38.95,37.489375,0,0,0
246,80,CT,G,,,1,689.4,206.82,386.06,-44.12,8,6,,,,,,,,51,0,0.6,1,,,,1850,53.11,,,,958.3056411,928.7012334,908.9649616,21.62404,18.03036,22.80128,26.87,26.87,26.87,1.76,1.76,1.76
247,46,WIND,W,,,1,572.4000116,0,290.04,0,0,0,,,,,,,,0,0,0.6,1,,,,0,0,,,,1206,955.919273,908.1233094,0,0,0,40.975,38.95,37.489375,0,0,0
248,19,WIND,W,,,1,52.4000231,0,57.34,0,0,0,,,,,,,,0,0,0.6,1,,,,0,0,,,,1206,955.919273,908.1233094,0,0,0,40.975,38.95,37.489375,0,0,0
249,113,WIND,W,,,1,500.0000227,0,308,0,0,0,,,,,,,,0,0,0.6,1,,,,0,0,,,,1206,955.919273,908.1233094,0,0,0,40.975,38.95,37.489375,0,0,0
250,80,COAL,C,,,1,410,123,191.06,-50.02,12,24,,,,,,,,153,0,0.6,1,,,,2184,18.99,,,,3009.084047,2863.00038,2715.719307,19.27003,19.73475,18.93942,73.16,71.08,69.84,7.85,7.56,7.44
251,118,WIND,W,,,1,1088.000015,0,530.31,0,0,0,,,,,,,,0,0,0.6,1,,,,0,0,,,,1206,955.919273,908.1233094,0,0,0,40.975,38.95,37.489375,0,0,0
252,25,WIND,W,,,1,890.200014,0,526.51,0,0,0,,,,,,,,0,0,0.6,1,,,,0,0,,,,1206,955.919273,908.1233094,0,0,0,40.975,38.95,37.489375,0,0,0
253,25,CT,G,,,1,1088.2,326.46,609.39,-69.64,8,6,,,,,,,,18,0,0.6,1,,,,3636,46.91,,,,958.3056411,928.7012334,908.9649616,21.62404,18.03036,22.80128,26.87,26.87,26.87,1.76,1.76,1.76
254,23,PV,S,,,1,32,0,4.89,0,0,0,,,,,,,,0,0,0.6,1,,,,0,0,,,,981.7075546,754.3966071,720.7850088,0,0,0,18.1653519,15.22157173,14.72060919,0,0,0
255,23,PV,S,,,1,14.66666667,0,2.24,0,0,0,,,,,,,,0,0,0.6,1,,,,0,0,,,,981.7075546,754.3966071,720.7850088,0,0,0,18.1653519,15.22157173,14.72060919,0,0,0
256,23,CT,G,,,1,932,279.6,434.31,-113.7,8,6,,,,,,,,32,0,0.6,1,,,,1950,28.48,,,,958.3056411,928.7012334,908.9649616,21.62404,18.03036,22.80128,26.87,26.87,26.87,1.76,1.76,1.76
257,79,CT,G,,,1,229.6,68.88,128.58,-14.69,8,6,,,,,,,,26,0,0.6,1,,,,485,44.91,,,,958.3056411,928.7012334,908.9649616,21.62404,18.03036,22.80128,26.87,26.87,26.87,1.76,1.76,1.76
258,8,PV,S,,,1,28,0,4.28,0,0,0,,,,,,,,0,0,0.6,1,,,,0,0,,,,981.7075546,754.3966071,720.7850088,0,0,0,18.1653519,15.22157173,14.72060919,0,0,0
259,8,CT,G,,,1,892,267.6,415.67,-108.82,8,6,,,,,,,,22,0,0.6,1,,,,3228,25.92,,,,958.3056411,928.7012334,908.9649616,21.62404,18.03036,22.80128,26.87,26.87,26.87,1.76,1.76,1.76
260,108,PV,S,,,1,11.33333333,0,1.73,0,0,0,,,,,,,,0,0,0.6,1,,,,0,0,,,,981.7075546,754.3966071,720.7850088,0,0,0,18.1653519,15.22157173,14.72060919,0,0,0
261,108,COAL,C,,,1,1444,433.2,672.9,-176.17,12,24,,,,,,,,321,0,0.6,1,,,,1423,19.04,,,,3009.084047,2863.00038,2715.719307,19.27003,19.73475,18.93942,73.16,71.08,69.84,7.85,7.56,7.44
262,17,CT,G,,,1,517,155.1,289.52,-33.09,8,6,,,,,,,,17,0,0.6,1,,,,804,55.9,,,,958.3056411,928.7012334,908.9649616,21.62404,18.03036,22.80128,26.87,26.87,26.87,1.76,1.76,1.76
263,29,CT,G,,,1,263.6,79.08,147.62,-16.87,8,6,,,,,,,,10,0,0.6,1,,,,9,27.93,,,,958.3056411,928.7012334,908.9649616,21.62404,18.03036,22.80128,26.87,26.87,26.87,1.76,1.76,1.76
264,29,CT,G,,,1,44.2,13.26,24.75,-2.83,8,6,,,,,,,,27,0,0.6,1,,,,149,27.45,,,,958.3056411,928.7012334,908.9649616,21.62404,18.03036,22.80128,26.87,26.87,26.87,1.76,1.76,1.76
265,70,PV,S,,,1,136.6666667,0,22.96,0,0,0,,,,,,,,0,0,0.6,1,,,,0,0,,,,981.7075546,754.3966071,720.7850088,0,0,0,18.1653519,15.22157173,14.72060919,0,0,0
266,70,WIND,W,,,1,96.99998813,0,26.32,0,0,0,,,,,,,,0,0,0.6,1,,,,0,0,,,,1206,955.919273,908.1233094,0,0,0,40.975,38.95,37.489375,0,0,0
267,70,WIND,W,,,1,119.1999881,0,0,0,0,0,,,,,,,,0,0,0.6,1,,,,0,0,,,,1206,955.919273,908.1233094,0,0,0,40.975,38.95,37.489375,0,0,0
268,2,CT,G,,,1,170.4,51.12,95.42,-10.91,8,6,,,,,,,,32,0,0.6,1,,,,101,55.15,,,,958.3056411,928.7012334,908.9649616,21.62404,18.03036,22.80128,26.87,26.87,26.87,1.76,1.76,1.76
269,2,COAL,C,,,1,801,240.3,448.56,-51.26,12,24,,,,,,,,173,0,0.6,1,,,,2476,19.56,,,,3009.084047,2863.00038,2715.719307,19.27003,19.73475,18.93942,73.16,71.08,69.84,7.85,7.56,7.44
270,120,WIND,W,,,1,578.9999877,0,296.24,0,0,0,,,,,,,,0,0,0.6,1,,,,0,0,,,,1206,955.919273,908.1233094,0,0,0,40.975,38.95,37.489375,0,0,0
271,12,CT,G,,,1,1082.2,324.66,504.31,-132.03,8,6,,,,,,,,60,0,0.6,1,,,,2124,40.29,,,,958.3056411,928.7012334,908.9649616,21.62404,18.03036,22.80128,26.87,26.87,26.87,1.76,1.76,1.76
272,30,WIND,W,,,1,501.3000962,0,308.73,0,0,0,,,,,,,,0,0,0.6,1,,,,0,0,,,,1206,955.919273,908.1233094,0,0,0,40.975,38.95,37.489375,0,0,0
273,120,PV,S,,,1,47.66666667,0,7.28,0,0,0,,,,,,,,0,0,0.6,1,,,,0,0,,,,981.7075546,754.3966071,720.7850088,0,0,0,18.1653519,15.22157173,14.72060919,0,0,0
274,120,WIND,W,,,1,746.3999878,0,389.98,0,0,0,,,,,,,,0,0,0.6,1,,,,0,0,,,,1206,955.919273,908.1233094,0,0,0,40.975,38.95,37.489375,0,0,0
275,120,WIND,W,,,1,1038.999988,0,553.84,0,0,0,,,,,,,,0,0,0.6,1,,,,0,0,,,,1206,955.919273,908.1233094,0,0,0,40.975,38.95,37.489375,0,0,0
276,35,PV,S,,,1,10.66666667,0,1.63,0,0,0,,,,,,,,0,0,0.6,1,,,,0,0,,,,981.7075546,754.3966071,720.7850088,0,0,0,18.1653519,15.22157173,14.72060919,0,0,0
277,34,PV,S,,,1,13.33333333,0,2.04,0,0,0,,,,,,,,0,0,0.6,1,,,,0,0,,,,981.7075546,754.3966071,720.7850088,0,0,0,18.1653519,15.22157173,14.72060919,0,0,0
278,34,PV,S,,,1,21.33333333,0,3.26,0,0,0,,,,,,,,0,0,0.6,1,,,,0,0,,,,981.7075546,754.3966071,720.7850088,0,0,0,18.1653519,15.22157173,14.72060919,0,0,0
279,34,WIND,W,,,1,882.00004,0,434.31,0,0,0,,,,,,,,0,0,0.6,1,,,,0,0,,,,1206,955.919273,908.1233094,0,0,0,40.975,38.95,37.489375,0,0,0
280,26,CT,G,,,1,559,167.7,313.04,-35.78,8,6,,,,,,,,8,0,0.6,1,,,,1485,39.32,,,,958.3056411,928.7012334,908.9649616,21.62404,18.03036,22.80128,26.87,26.87,26.87,1.76,1.76,1.76
281,26,WIND,W,,,1,56.09998349,0,3.42,0,0,0,,,,,,,,0,0,0.6,1,,,,0,0,,,,1206,955.919273,908.1233094,0,0,0,40.975,38.95,37.489375,0,0,0
282,26,PV,S,,,1,508.3333333,0,85.4,0,0,0,,,,,,,,0,0,0.6,1,,,,0,0,,,,981.7075546,754.3966071,720.7850088,0,0,0,18.1653519,15.22157173,14.72060919,0,0,0
283,61,HYDRO,H,,,1,54.9,0,23.5,0,0,0,,,,,,,,0,0,0.6,1,,,,0,0,,,,0,0,0,0,0,0,0,0,0,0,0,0
284,61,HYDRO,H,,,1,54,0,17.2,0,0,0,,,,,,,,0,0,0.6,1,,,,0,0,,,,0,0,0,0,0,0,0,0,0,0,0,0
285,29,HYDRO,H,,,1,108,0,45.2,0,0,0,,,,,,,,0,0,0.6,1,,,,0,0,,,,0,0,0,0,0,0,0,0,0,0,0,0
286,70,HYDRO,H,,,1,58,0,11.8,0,0,0,,,,,,,,0,0,0.6,1,,,,0,0,,,,0,0,0,0,0,0,0,0,0,0,0,0
287,122,HYDRO,H,,,1,80,0,23.5,0,0,0,,,,,,,,0,0,0.6,1,,,,0,0,,,,0,0,0,0,0,0,0,0,0,0,0,0
288,29,HYDRO,H,,,1,17,0,3.6,0,0,0,,,,,,,,0,0,0.6,1,,,,0,0,,,,0,0,0,0,0,0,0,0,0,0,0,0
289,61,HYDRO,H,,,1,13.8,0,6.7,0,0,0,,,,,,,,0,0,0.6,1,,,,0,0,,,,0,0,0,0,0,0,0,0,0,0,0,0
290,61,HYDRO,H,,,1,39.6,0,15.2,0,0,0,,,,,,,,0,0,0.6,1,,,,0,0,,,,0,0,0,0,0,0,0,0,0,0,0,0
291,49,HYDRO,H,,,1,30.5,0,13.5,0,0,0,,,,,,,,0,0,0.6,1,,,,0,0,,,,0,0,0,0,0,0,0,0,0,0,0,0
292,42,HYDRO,H,,,1,42,0,15.6,0,0,0,,,,,,,,0,0,0.6,1,,,,0,0,,,,0,0,0,0,0,0,0,0,0,0,0,0
ct_fe_1-c,1,CT,G,,,1,992,297.6,,,8,6,,,,,,,,60,,0.6,1,,,,,,,,,958.3056411,928.7012334,908.9649616,21.62404,18.03036,22.80128,26.87,26.87,26.87,1.76,1.76,1.76
ct_fe_18-c,18,CT,G,,,1,992,297.6,,,8,6,,,,,,,,60,,0.6,1,,,,,,,,,958.3056411,928.7012334,908.9649616,21.62404,18.03036,22.80128,26.87,26.87,26.87,1.76,1.76,1.76
ct_fe_23-c,23,CT,G,,,1,992,297.6,,,8,6,,,,,,,,60,,0.6,1,,,,,,,,,958.3056411,928.7012334,908.9649616,21.62404,18.03036,22.80128,26.87,26.87,26.87,1.76,1.76,1.76
ct_fe_32-c,32,CT,G,,,1,992,297.6,,,8,6,,,,,,,,60,,0.6,1,,,,,,,,,958.3056411,928.7012334,908.9649616,21.62404,18.03036,22.80128,26.87,26.87,26.87,1.76,1.76,1.76
ct_fe_36-c,36,CT,G,,,1,992,297.6,,,8,6,,,,,,,,60,,0.6,1,,,,,,,,,958.3056411,928.7012334,908.9649616,21.62404,18.03036,22.80128,26.87,26.87,26.87,1.76,1.76,1.76
ct_fe_42-c,42,CT,G,,,1,992,297.6,,,8,6,,,,,,,,60,,0.6,1,,,,,,,,,958.3056411,928.7012334,908.9649616,21.62404,18.03036,22.80128,26.87,26.87,26.87,1.76,1.76,1.76
ct_fe_44-c,44,CT,G,,,1,992,297.6,,,8,6,,,,,,,,60,,0.6,1,,,,,,,,,958.3056411,928.7012334,908.9649616,21.62404,18.03036,22.80128,26.87,26.87,26.87,1.76,1.76,1.76
ct_fe_49-c,49,CT,G,,,1,992,297.6,,,8,6,,,,,,,,60,,0.6,1,,,,,,,,,958.3056411,928.7012334,908.9649616,21.62404,18.03036,22.80128,26.87,26.87,26.87,1.76,1.76,1.76
ct_fe_54-c,54,CT,G,,,1,992,297.6,,,8,6,,,,,,,,60,,0.6,1,,,,,,,,,958.3056411,928.7012334,908.9649616,21.62404,18.03036,22.80128,26.87,26.87,26.87,1.76,1.76,1.76
ct_fe_63-c,63,CT,G,,,1,992,297.6,,,8,6,,,,,,,,60,,0.6,1,,,,,,,,,958.3056411,928.7012334,908.9649616,21.62404,18.03036,22.80128,26.87,26.87,26.87,1.76,1.76,1.76
ct_fe_65-c,65,CT,G,,,1,992,297.6,,,8,6,,,,,,,,60,,0.6,1,,,,,,,,,958.3056411,928.7012334,908.9649616,21.62404,18.03036,22.80128,26.87,26.87,26.87,1.76,1.76,1.76
ct_fe_74-c,74,CT,G,,,1,992,297.6,,,8,6,,,,,,,,60,,0.6,1,,,,,,,,,958.3056411,928.7012334,908.9649616,21.62404,18.03036,22.80128,26.87,26.87,26.87,1.76,1.76,1.76
ct_fe_78-c,78,CT,G,,,1,992,297.6,,,8,6,,,,,,,,60,,0.6,1,,,,,,,,,958.3056411,928.7012334,908.9649616,21.62404,18.03036,22.80128,26.87,26.87,26.87,1.76,1.76,1.76
ct_fe_79-c,79,CT,G,,,1,992,297.6,,,8,6,,,,,,,,60,,0.6,1,,,,,,,,,958.3056411,928.7012334,908.9649616,21.62404,18.03036,22.80128,26.87,26.87,26.87,1.76,1.76,1.76
ct_fe_81-c,81,CT,G,,,1,992,297.6,,,8,6,,,,,,,,60,,0.6,1,,,,,,,,,958.3056411,928.7012334,908.9649616,21.62404,18.03036,22.80128,26.87,26.87,26.87,1.76,1.76,1.76
ct_fe_90-c,90,CT,G,,,1,992,297.6,,,8,6,,,,,,,,60,,0.6,1,,,,,,,,,958.3056411,928.7012334,908.9649616,21.62404,18.03036,22.80128,26.87,26.87,26.87,1.76,1.76,1.76
ct_fe_91-c,91,CT,G,,,1,992,297.6,,,8,6,,,,,,,,60,,0.6,1,,,,,,,,,958.3056411,928.7012334,908.9649616,21.62404,18.03036,22.80128,26.87,26.87,26.87,1.76,1.76,1.76
ct_fe_98-c,98,CT,G,,,1,992,297.6,,,8,6,,,,,,,,60,,0.6,1,,,,,,,,,958.3056411,928.7012334,908.9649616,21.62404,18.03036,22.80128,26.87,26.87,26.87,1.76,1.76,1.76
ct_fe_99-c,99,CT,G,,,1,992,297.6,,,8,6,,,,,,,,60,,0.6,1,,,,,,,,,958.3056411,928.7012334,908.9649616,21.62404,18.03036,22.80128,26.87,26.87,26.87,1.76,1.76,1.76
ct_fe_110-c,110,CT,G,,,1,992,297.6,,,8,6,,,,,,,,60,,0.6,1,,,,,,,,,958.3056411,928.7012334,908.9649616,21.62404,18.03036,22.80128,26.87,26.87,26.87,1.76,1.76,1.76
ct_fe_111-c,111,CT,G,,,1,992,297.6,,,8,6,,,,,,,,60,,0.6,1,,,,,,,,,958.3056411,928.7012334,908.9649616,21.62404,18.03036,22.80128,26.87,26.87,26.87,1.76,1.76,1.76
ct_fe_112-c,112,CT,G,,,1,992,297.6,,,8,6,,,,,,,,60,,0.6,1,,,,,,,,,958.3056411,928.7012334,908.9649616,21.62404,18.03036,22.80128,26.87,26.87,26.87,1.76,1.76,1.76
ct_fe_113-c,113,CT,G,,,1,992,297.6,,,8,6,,,,,,,,60,,0.6,1,,,,,,,,,958.3056411,928.7012334,908.9649616,21.62404,18.03036,22.80128,26.87,26.87,26.87,1.76,1.76,1.76
ct_fe_115-c,115,CT,G,,,1,992,297.6,,,8,6,,,,,,,,60,,0.6,1,,,,,,,,,958.3056411,928.7012334,908.9649616,21.62404,18.03036,22.80128,26.87,26.87,26.87,1.76,1.76,1.76
ct_fe_118-c,118,CT,G,,,1,992,297.6,,,8,6,,,,,,,,60,,0.6,1,,,,,,,,,958.3056411,928.7012334,908.9649616,21.62404,18.03036,22.80128,26.87,26.87,26.87,1.76,1.76,1.76
pv_1-c,1,PV,S,,,1,100,0,,,0,0,,,,,,,,60,,0.6,1,,,,,,,,,981.7075546,754.3966071,720.7850088,0,0,0,18.1653519,15.22157173,14.72060919,0,0,0
pv_3-c,3,PV,S,,,1,100,0,,,0,0,,,,,,,,0,,0.6,1,,,,,,,,,981.7075546,754.3966071,720.7850088,0,0,0,18.1653519,15.22157173,14.72060919,0,0,0
pv_6-c,6,PV,S,,,1,100,0,,,0,0,,,,,,,,0,,0.6,1,,,,,,,,,981.7075546,754.3966071,720.7850088,0,0,0,18.1653519,15.22157173,14.72060919,0,0,0
pv_7-c,7,PV,S,,,1,100,0,,,0,0,,,,,,,,0,,0.6,1,,,,,,,,,981.7075546,754.3966071,720.7850088,0,0,0,18.1653519,15.22157173,14.72060919,0,0,0
pv_8-c,8,PV,S,,,1,100,0,,,0,0,,,,,,,,0,,0.6,1,,,,,,,,,981.7075546,754.3966071,720.7850088,0,0,0,18.1653519,15.22157173,14.72060919,0,0,0
pv_12-c,12,PV,S,,,1,100,0,,,0,0,,,,,,,,0,,0.6,1,,,,,,,,,981.7075546,754.3966071,720.7850088,0,0,0,18.1653519,15.22157173,14.72060919,0,0,0
pv_13-c,13,PV,S,,,1,100,0,,,0,0,,,,,,,,0,,0.6,1,,,,,,,,,981.7075546,754.3966071,720.7850088,0,0,0,18.1653519,15.22157173,14.72060919,0,0,0
pv_14-c,14,PV,S,,,1,100,0,,,0,0,,,,,,,,0,,0.6,1,,,,,,,,,981.7075546,754.3966071,720.7850088,0,0,0,18.1653519,15.22157173,14.72060919,0,0,0
pv_15-c,15,PV,S,,,1,100,0,,,0,0,,,,,,,,0,,0.6,1,,,,,,,,,981.7075546,754.3966071,720.7850088,0,0,0,18.1653519,15.22157173,14.72060919,0,0,0
pv_17-c,17,PV,S,,,1,100,0,,,0,0,,,,,,,,0,,0.6,1,,,,,,,,,981.7075546,754.3966071,720.7850088,0,0,0,18.1653519,15.22157173,14.72060919,0,0,0
pv_19-c,19,PV,S,,,1,100,0,,,0,0,,,,,,,,0,,0.6,1,,,,,,,,,981.7075546,754.3966071,720.7850088,0,0,0,18.1653519,15.22157173,14.72060919,0,0,0
pv_22-c,22,PV,S,,,1,100,0,,,0,0,,,,,,,,0,,0.6,1,,,,,,,,,981.7075546,754.3966071,720.7850088,0,0,0,18.1653519,15.22157173,14.72060919,0,0,0
pv_23-c,23,PV,S,,,1,100,0,,,0,0,,,,,,,,0,,0.6,1,,,,,,,,,981.7075546,754.3966071,720.7850088,0,0,0,18.1653519,15.22157173,14.72060919,0,0,0
pv_26-c,26,PV,S,,,1,100,0,,,0,0,,,,,,,,0,,0.6,1,,,,,,,,,981.7075546,754.3966071,720.7850088,0,0,0,18.1653519,15.22157173,14.72060919,0,0,0
pv_27-c,27,PV,S,,,1,100,0,,,0,0,,,,,,,,0,,0.6,1,,,,,,,,,981.7075546,754.3966071,720.7850088,0,0,0,18.1653519,15.22157173,14.72060919,0,0,0
pv_28-c,28,PV,S,,,1,100,0,,,0,0,,,,,,,,0,,0.6,1,,,,,,,,,981.7075546,754.3966071,720.7850088,0,0,0,18.1653519,15.22157173,14.72060919,0,0,0
pv_29-c,29,PV,S,,,1,100,0,,,0,0,,,,,,,,0,,0.6,1,,,,,,,,,981.7075546,754.3966071,720.7850088,0,0,0,18.1653519,15.22157173,14.72060919,0,0,0
pv_30-c,30,PV,S,,,1,100,0,,,0,0,,,,,,,,0,,0.6,1,,,,,,,,,981.7075546,754.3966071,720.7850088,0,0,0,18.1653519,15.22157173,14.72060919,0,0,0
pv_31-c,31,PV,S,,,1,100,0,,,0,0,,,,,,,,0,,0.6,1,,,,,,,,,981.7075546,754.3966071,720.7850088,0,0,0,18.1653519,15.22157173,14.72060919,0,0,0
pv_33-c,33,PV,S,,,1,100,0,,,0,0,,,,,,,,0,,0.6,1,,,,,,,,,981.7075546,754.3966071,720.7850088,0,0,0,18.1653519,15.22157173,14.72060919,0,0,0
pv_34-c,34,PV,S,,,1,100,0,,,0,0,,,,,,,,0,,0.6,1,,,,,,,,,981.7075546,754.3966071,720.7850088,0,0,0,18.1653519,15.22157173,14.72060919,0,0,0
pv_35-c,35,PV,S,,,1,100,0,,,0,0,,,,,,,,0,,0.6,1,,,,,,,,,981.7075546,754.3966071,720.7850088,0,0,0,18.1653519,15.22157173,14.72060919,0,0,0
pv_36-c,36,PV,S,,,1,100,0,,,0,0,,,,,,,,0,,0.6,1,,,,,,,,,981.7075546,754.3966071,720.7850088,0,0,0,18.1653519,15.22157173,14.72060919,0,0,0
pv_38-c,38,PV,S,,,1,100,0,,,0,0,,,,,,,,0,,0.6,1,,,,,,,,,981.7075546,754.3966071,720.7850088,0,0,0,18.1653519,15.22157173,14.72060919,0,0,0
pv_40-c,40,PV,S,,,1,100,0,,,0,0,,,,,,,,0,,0.6,1,,,,,,,,,981.7075546,754.3966071,720.7850088,0,0,0,18.1653519,15.22157173,14.72060919,0,0,0
pv_42-c,42,PV,S,,,1,100,0,,,0,0,,,,,,,,0,,0.6,1,,,,,,,,,981.7075546,754.3966071,720.7850088,0,0,0,18.1653519,15.22157173,14.72060919,0,0,0
pv_43-c,43,PV,S,,,1,100,0,,,0,0,,,,,,,,0,,0.6,1,,,,,,,,,981.7075546,754.3966071,720.7850088,0,0,0,18.1653519,15.22157173,14.72060919,0,0,0
pv_48-c,48,PV,S,,,1,100,0,,,0,0,,,,,,,,0,,0.6,1,,,,,,,,,981.7075546,754.3966071,720.7850088,0,0,0,18.1653519,15.22157173,14.72060919,0,0,0
pv_50-c,50,PV,S,,,1,100,0,,,0,0,,,,,,,,0,,0.6,1,,,,,,,,,981.7075546,754.3966071,720.7850088,0,0,0,18.1653519,15.22157173,14.72060919,0,0,0
pv_52-c,52,PV,S,,,1,100,0,,,0,0,,,,,,,,0,,0.6,1,,,,,,,,,981.7075546,754.3966071,720.7850088,0,0,0,18.1653519,15.22157173,14.72060919,0,0,0
pv_53-c,53,PV,S,,,1,100,0,,,0,0,,,,,,,,0,,0.6,1,,,,,,,,,981.7075546,754.3966071,720.7850088,0,0,0,18.1653519,15.22157173,14.72060919,0,0,0
pv_54-c,54,PV,S,,,1,100,0,,,0,0,,,,,,,,0,,0.6,1,,,,,,,,,981.7075546,754.3966071,720.7850088,0,0,0,18.1653519,15.22157173,14.72060919,0,0,0
pv_55-c,55,PV,S,,,1,100,0,,,0,0,,,,,,,,0,,0.6,1,,,,,,,,,981.7075546,754.3966071,720.7850088,0,0,0,18.1653519,15.22157173,14.72060919,0,0,0
pv_58-c,58,PV,S,,,1,100,0,,,0,0,,,,,,,,0,,0.6,1,,,,,,,,,981.7075546,754.3966071,720.7850088,0,0,0,18.1653519,15.22157173,14.72060919,0,0,0
pv_59-c,59,PV,S,,,1,100,0,,,0,0,,,,,,,,0,,0.6,1,,,,,,,,,981.7075546,754.3966071,720.7850088,0,0,0,18.1653519,15.22157173,14.72060919,0,0,0
pv_61-c,61,PV,S,,,1,100,0,,,0,0,,,,,,,,0,,0.6,1,,,,,,,,,981.7075546,754.3966071,720.7850088,0,0,0,18.1653519,15.22157173,14.72060919,0,0,0
pv_63-c,63,PV,S,,,1,100,0,,,0,0,,,,,,,,0,,0.6,1,,,,,,,,,981.7075546,754.3966071,720.7850088,0,0,0,18.1653519,15.22157173,14.72060919,0,0,0
pv_65-c,65,PV,S,,,1,100,0,,,0,0,,,,,,,,0,,0.6,1,,,,,,,,,981.7075546,754.3966071,720.7850088,0,0,0,18.1653519,15.22157173,14.72060919,0,0,0
pv_66-c,66,PV,S,,,1,100,0,,,0,0,,,,,,,,0,,0.6,1,,,,,,,,,981.7075546,754.3966071,720.7850088,0,0,0,18.1653519,15.22157173,14.72060919,0,0,0
pv_70-c,70,PV,S,,,1,100,0,,,0,0,,,,,,,,0,,0.6,1,,,,,,,,,981.7075546,754.3966071,720.7850088,0,0,0,18.1653519,15.22157173,14.72060919,0,0,0
pv_74-c,74,PV,S,,,1,100,0,,,0,0,,,,,,,,0,,0.6,1,,,,,,,,,981.7075546,754.3966071,720.7850088,0,0,0,18.1653519,15.22157173,14.72060919,0,0,0
pv_76-c,76,PV,S,,,1,100,0,,,0,0,,,,,,,,0,,0.6,1,,,,,,,,,981.7075546,754.3966071,720.7850088,0,0,0,18.1653519,15.22157173,14.72060919,0,0,0
pv_77-c,77,PV,S,,,1,100,0,,,0,0,,,,,,,,0,,0.6,1,,,,,,,,,981.7075546,754.3966071,720.7850088,0,0,0,18.1653519,15.22157173,14.72060919,0,0,0
pv_78-c,78,PV,S,,,1,100,0,,,0,0,,,,,,,,0,,0.6,1,,,,,,,,,981.7075546,754.3966071,720.7850088,0,0,0,18.1653519,15.22157173,14.72060919,0,0,0
pv_79-c,79,PV,S,,,1,100,0,,,0,0,,,,,,,,0,,0.6,1,,,,,,,,,981.7075546,754.3966071,720.7850088,0,0,0,18.1653519,15.22157173,14.72060919,0,0,0
pv_81-c,81,PV,S,,,1,100,0,,,0,0,,,,,,,,0,,0.6,1,,,,,,,,,981.7075546,754.3966071,720.7850088,0,0,0,18.1653519,15.22157173,14.72060919,0,0,0
pv_82-c,82,PV,S,,,1,100,0,,,0,0,,,,,,,,0,,0.6,1,,,,,,,,,981.7075546,754.3966071,720.7850088,0,0,0,18.1653519,15.22157173,14.72060919,0,0,0
pv_83-c,83,PV,S,,,1,100,0,,,0,0,,,,,,,,0,,0.6,1,,,,,,,,,981.7075546,754.3966071,720.7850088,0,0,0,18.1653519,15.22157173,14.72060919,0,0,0
pv_87-c,87,PV,S,,,1,100,0,,,0,0,,,,,,,,0,,0.6,1,,,,,,,,,981.7075546,754.3966071,720.7850088,0,0,0,18.1653519,15.22157173,14.72060919,0,0,0
pv_88-c,88,PV,S,,,1,100,0,,,0,0,,,,,,,,0,,0.6,1,,,,,,,,,981.7075546,754.3966071,720.7850088,0,0,0,18.1653519,15.22157173,14.72060919,0,0,0
pv_91-c,91,PV,S,,,1,100,0,,,0,0,,,,,,,,0,,0.6,1,,,,,,,,,981.7075546,754.3966071,720.7850088,0,0,0,18.1653519,15.22157173,14.72060919,0,0,0
pv_93-c,93,PV,S,,,1,100,0,,,0,0,,,,,,,,0,,0.6,1,,,,,,,,,981.7075546,754.3966071,720.7850088,0,0,0,18.1653519,15.22157173,14.72060919,0,0,0
pv_94-c,94,PV,S,,,1,100,0,,,0,0,,,,,,,,0,,0.6,1,,,,,,,,,981.7075546,754.3966071,720.7850088,0,0,0,18.1653519,15.22157173,14.72060919,0,0,0
pv_98-c,98,PV,S,,,1,100,0,,,0,0,,,,,,,,0,,0.6,1,,,,,,,,,981.7075546,754.3966071,720.7850088,0,0,0,18.1653519,15.22157173,14.72060919,0,0,0
pv_99-c,99,PV,S,,,1,100,0,,,0,0,,,,,,,,0,,0.6,1,,,,,,,,,981.7075546,754.3966071,720.7850088,0,0,0,18.1653519,15.22157173,14.72060919,0,0,0
pv_101-c,101,PV,S,,,1,100,0,,,0,0,,,,,,,,0,,0.6,1,,,,,,,,,981.7075546,754.3966071,720.7850088,0,0,0,18.1653519,15.22157173,14.72060919,0,0,0
pv_102-c,102,PV,S,,,1,100,0,,,0,0,,,,,,,,0,,0.6,1,,,,,,,,,981.7075546,754.3966071,720.7850088,0,0,0,18.1653519,15.22157173,14.72060919,0,0,0
pv_107-c,107,PV,S,,,1,100,0,,,0,0,,,,,,,,0,,0.6,1,,,,,,,,,981.7075546,754.3966071,720.7850088,0,0,0,18.1653519,15.22157173,14.72060919,0,0,0
pv_108-c,108,PV,S,,,1,100,0,,,0,0,,,,,,,,0,,0.6,1,,,,,,,,,981.7075546,754.3966071,720.7850088,0,0,0,18.1653519,15.22157173,14.72060919,0,0,0
pv_110-c,110,PV,S,,,1,100,0,,,0,0,,,,,,,,0,,0.6,1,,,,,,,,,981.7075546,754.3966071,720.7850088,0,0,0,18.1653519,15.22157173,14.72060919,0,0,0
pv_115-c,115,PV,S,,,1,100,0,,,0,0,,,,,,,,0,,0.6,1,,,,,,,,,981.7075546,754.3966071,720.7850088,0,0,0,18.1653519,15.22157173,14.72060919,0,0,0
pv_117-c,117,PV,S,,,1,100,0,,,0,0,,,,,,,,0,,0.6,1,,,,,,,,,981.7075546,754.3966071,720.7850088,0,0,0,18.1653519,15.22157173,14.72060919,0,0,0
pv_119-c,119,PV,S,,,1,100,0,,,0,0,,,,,,,,0,,0.6,1,,,,,,,,,981.7075546,754.3966071,720.7850088,0,0,0,18.1653519,15.22157173,14.72060919,0,0,0
pv_120-c,120,PV,S,,,1,100,0,,,0,0,,,,,,,,0,,0.6,1,,,,,,,,,981.7075546,754.3966071,720.7850088,0,0,0,18.1653519,15.22157173,14.72060919,0,0,0
wind_3-c,3,WIND,W,,,1,200,0,,,0,0,,,,,,,,0,,0.6,1,,,,,,,,,1206,955.919273,908.1233094,0,0,0,40.975,38.95,37.489375,0,0,0
wind_7-c,7,WIND,W,,,1,200,0,,,0,0,,,,,,,,0,,0.6,1,,,,,,,,,1206,955.919273,908.1233094,0,0,0,40.975,38.95,37.489375,0,0,0
wind_12-c,12,WIND,W,,,1,200,0,,,0,0,,,,,,,,0,,0.6,1,,,,,,,,,1206,955.919273,908.1233094,0,0,0,40.975,38.95,37.489375,0,0,0
wind_14-c,14,WIND,W,,,1,200,0,,,0,0,,,,,,,,0,,0.6,1,,,,,,,,,1206,955.919273,908.1233094,0,0,0,40.975,38.95,37.489375,0,0,0
wind_18-c,18,WIND,W,,,1,200,0,,,0,0,,,,,,,,0,,0.6,1,,,,,,,,,1206,955.919273,908.1233094,0,0,0,40.975,38.95,37.489375,0,0,0
wind_19-c,19,WIND,W,,,1,200,0,,,0,0,,,,,,,,0,,0.6,1,,,,,,,,,1206,955.919273,908.1233094,0,0,0,40.975,38.95,37.489375,0,0,0
wind_22-c,22,WIND,W,,,1,200,0,,,0,0,,,,,,,,0,,0.6,1,,,,,,,,,1206,955.919273,908.1233094,0,0,0,40.975,38.95,37.489375,0,0,0
wind_25-c,25,WIND,W,,,1,200,0,,,0,0,,,,,,,,0,,0.6,1,,,,,,,,,1206,955.919273,908.1233094,0,0,0,40.975,38.95,37.489375,0,0,0
wind_26-c,26,WIND,W,,,1,200,0,,,0,0,,,,,,,,0,,0.6,1,,,,,,,,,1206,955.919273,908.1233094,0,0,0,40.975,38.95,37.489375,0,0,0
wind_30-c,30,WIND,W,,,1,200,0,,,0,0,,,,,,,,0,,0.6,1,,,,,,,,,1206,955.919273,908.1233094,0,0,0,40.975,38.95,37.489375,0,0,0
wind_32-c,32,WIND,W,,,1,200,0,,,0,0,,,,,,,,0,,0.6,1,,,,,,,,,1206,955.919273,908.1233094,0,0,0,40.975,38.95,37.489375,0,0,0
wind_34-c,34,WIND,W,,,1,200,0,,,0,0,,,,,,,,0,,0.6,1,,,,,,,,,1206,955.919273,908.1233094,0,0,0,40.975,38.95,37.489375,0,0,0
wind_35-c,35,WIND,W,,,1,200,0,,,0,0,,,,,,,,0,,0.6,1,,,,,,,,,1206,955.919273,908.1233094,0,0,0,40.975,38.95,37.489375,0,0,0
wind_40-c,40,WIND,W,,,1,200,0,,,0,0,,,,,,,,0,,0.6,1,,,,,,,,,1206,955.919273,908.1233094,0,0,0,40.975,38.95,37.489375,0,0,0
wind_48-c,48,WIND,W,,,1,200,0,,,0,0,,,,,,,,0,,0.6,1,,,,,,,,,1206,955.919273,908.1233094,0,0,0,40.975,38.95,37.489375,0,0,0
wind_49-c,49,WIND,W,,,1,200,0,,,0,0,,,,,,,,0,,0.6,1,,,,,,,,,1206,955.919273,908.1233094,0,0,0,40.975,38.95,37.489375,0,0,0
wind_50-c,50,WIND,W,,,1,200,0,,,0,0,,,,,,,,0,,0.6,1,,,,,,,,,1206,955.919273,908.1233094,0,0,0,40.975,38.95,37.489375,0,0,0
wind_53-c,53,WIND,W,,,1,200,0,,,0,0,,,,,,,,0,,0.6,1,,,,,,,,,1206,955.919273,908.1233094,0,0,0,40.975,38.95,37.489375,0,0,0
wind_57-c,57,WIND,W,,,1,200,0,,,0,0,,,,,,,,0,,0.6,1,,,,,,,,,1206,955.919273,908.1233094,0,0,0,40.975,38.95,37.489375,0,0,0
wind_58-c,58,WIND,W,,,1,200,0,,,0,0,,,,,,,,0,,0.6,1,,,,,,,,,1206,955.919273,908.1233094,0,0,0,40.975,38.95,37.489375,0,0,0
wind_59-c,59,WIND,W,,,1,200,0,,,0,0,,,,,,,,0,,0.6,1,,,,,,,,,1206,955.919273,908.1233094,0,0,0,40.975,38.95,37.489375,0,0,0
wind_62-c,62,WIND,W,,,1,200,0,,,0,0,,,,,,,,0,,0.6,1,,,,,,,,,1206,955.919273,908.1233094,0,0,0,40.975,38.95,37.489375,0,0,0
wind_65-c,65,WIND,W,,,1,200,0,,,0,0,,,,,,,,0,,0.6,1,,,,,,,,,1206,955.919273,908.1233094,0,0,0,40.975,38.95,37.489375,0,0,0
wind_70-c,70,WIND,W,,,1,200,0,,,0,0,,,,,,,,0,,0.6,1,,,,,,,,,1206,955.919273,908.1233094,0,0,0,40.975,38.95,37.489375,0,0,0
wind_71-c,71,WIND,W,,,1,200,0,,,0,0,,,,,,,,0,,0.6,1,,,,,,,,,1206,955.919273,908.1233094,0,0,0,40.975,38.95,37.489375,0,0,0
wind_74-c,74,WIND,W,,,1,200,0,,,0,0,,,,,,,,0,,0.6,1,,,,,,,,,1206,955.919273,908.1233094,0,0,0,40.975,38.95,37.489375,0,0,0
wind_80-c,80,WIND,W,,,1,200,0,,,0,0,,,,,,,,0,,0.6,1,,,,,,,,,1206,955.919273,908.1233094,0,0,0,40.975,38.95,37.489375,0,0,0
wind_85-c,85,WIND,W,,,1,200,0,,,0,0,,,,,,,,0,,0.6,1,,,,,,,,,1206,955.919273,908.1233094,0,0,0,40.975,38.95,37.489375,0,0,0
wind_87-c,87,WIND,W,,,1,200,0,,,0,0,,,,,,,,0,,0.6,1,,,,,,,,,1206,955.919273,908.1233094,0,0,0,40.975,38.95,37.489375,0,0,0
wind_93-c,93,WIND,W,,,1,200,0,,,0,0,,,,,,,,0,,0.6,1,,,,,,,,,1206,955.919273,908.1233094,0,0,0,40.975,38.95,37.489375,0,0,0
wind_94-c,94,WIND,W,,,1,200,0,,,0,0,,,,,,,,0,,0.6,1,,,,,,,,,1206,955.919273,908.1233094,0,0,0,40.975,38.95,37.489375,0,0,0
wind_102-c,102,WIND,W,,,1,200,0,,,0,0,,,,,,,,0,,0.6,1,,,,,,,,,1206,955.919273,908.1233094,0,0,0,40.975,38.95,37.489375,0,0,0
wind_111-c,111,WIND,W,,,1,200,0,,,0,0,,,,,,,,0,,0.6,1,,,,,,,,,1206,955.919273,908.1233094,0,0,0,40.975,38.95,37.489375,0,0,0
wind_112-c,112,WIND,W,,,1,200,0,,,0,0,,,,,,,,0,,0.6,1,,,,,,,,,1206,955.919273,908.1233094,0,0,0,40.975,38.95,37.489375,0,0,0
wind_113-c,113,WIND,W,,,1,200,0,,,0,0,,,,,,,,0,,0.6,1,,,,,,,,,1206,955.919273,908.1233094,0,0,0,40.975,38.95,37.489375,0,0,0
wind_118-c,118,WIND,W,,,1,200,0,,,0,0,,,,,,,,0,,0.6,1,,,,,,,,,1206,955.919273,908.1233094,0,0,0,40.975,38.95,37.489375,0,0,0
wind_119-c,119,WIND,W,,,1,200,0,,,0,0,,,,,,,,0,,0.6,1,,,,,,,,,1206,955.919273,908.1233094,0,0,0,40.975,38.95,37.489375,0,0,0
wind_120-c,120,WIND,W,,,1,200,0,,,0,0,,,,,,,,0,,0.6,1,,,,,,,,,1206,955.919273,908.1233094,0,0,0,40.975,38.95,37.489375,0,0,0
ct_fe_1_1-c,1,CT,G,,,1,991,297.6,,,8,6,,,,,,,,60,,0.6,1,,,,,,,,,958.3056411,928.7012334,908.9649616,21.62404,18.03036,22.80128,26.87,26.87,26.87,1.76,1.76,1.76
ct_fe_18_1-c,18,CT,G,,,1,991,297.6,,,8,6,,,,,,,,60,,0.6,1,,,,,,,,,958.3056411,928.7012334,908.9649616,21.62404,18.03036,22.80128,26.87,26.87,26.87,1.76,1.76,1.76
ct_fe_23_1-c,23,CT,G,,,1,991,297.6,,,8,6,,,,,,,,60,,0.6,1,,,,,,,,,958.3056411,928.7012334,908.9649616,21.62404,18.03036,22.80128,26.87,26.87,26.87,1.76,1.76,1.76
ct_fe_32_1-c,32,CT,G,,,1,991,297.6,,,8,6,,,,,,,,60,,0.6,1,,,,,,,,,958.3056411,928.7012334,908.9649616,21.62404,18.03036,22.80128,26.87,26.87,26.87,1.76,1.76,1.76
ct_fe_36_1-c,36,CT,G,,,1,991,297.6,,,8,6,,,,,,,,60,,0.6,1,,,,,,,,,958.3056411,928.7012334,908.9649616,21.62404,18.03036,22.80128,26.87,26.87,26.87,1.76,1.76,1.76
ct_fe_42_1-c,42,CT,G,,,1,991,297.6,,,8,6,,,,,,,,60,,0.6,1,,,,,,,,,958.3056411,928.7012334,908.9649616,21.62404,18.03036,22.80128,26.87,26.87,26.87,1.76,1.76,1.76
ct_fe_44_1-c,44,CT,G,,,1,991,297.6,,,8,6,,,,,,,,60,,0.6,1,,,,,,,,,958.3056411,928.7012334,908.9649616,21.62404,18.03036,22.80128,26.87,26.87,26.87,1.76,1.76,1.76
ct_fe_49_1-c,49,CT,G,,,1,991,297.6,,,8,6,,,,,,,,60,,0.6,1,,,,,,,,,958.3056411,928.7012334,908.9649616,21.62404,18.03036,22.80128,26.87,26.87,26.87,1.76,1.76,1.76
ct_fe_54_1-c,54,CT,G,,,1,991,297.6,,,8,6,,,,,,,,60,,0.6,1,,,,,,,,,958.3056411,928.7012334,908.9649616,21.62404,18.03036,22.80128,26.87,26.87,26.87,1.76,1.76,1.76
ct_fe_63_1-c,63,CT,G,,,1,991,297.6,,,8,6,,,,,,,,60,,0.6,1,,,,,,,,,958.3056411,928.7012334,908.9649616,21.62404,18.03036,22.80128,26.87,26.87,26.87,1.76,1.76,1.76
ct_fe_65_1-c,65,CT,G,,,1,991,297.6,,,8,6,,,,,,,,60,,0.6,1,,,,,,,,,958.3056411,928.7012334,908.9649616,21.62404,18.03036,22.80128,26.87,26.87,26.87,1.76,1.76,1.76
ct_fe_74_1-c,74,CT,G,,,1,991,297.6,,,8,6,,,,,,,,60,,0.6,1,,,,,,,,,958.3056411,928.7012334,908.9649616,21.62404,18.03036,22.80128,26.87,26.87,26.87,1.76,1.76,1.76
ct_fe_78_1-c,78,CT,G,,,1,991,297.6,,,8,6,,,,,,,,60,,0.6,1,,,,,,,,,958.3056411,928.7012334,908.9649616,21.62404,18.03036,22.80128,26.87,26.87,26.87,1.76,1.76,1.76
ct_fe_79_1-c,79,CT,G,,,1,991,297.6,,,8,6,,,,,,,,60,,0.6,1,,,,,,,,,958.3056411,928.7012334,908.9649616,21.62404,18.03036,22.80128,26.87,26.87,26.87,1.76,1.76,1.76
ct_fe_81_1-c,81,CT,G,,,1,991,297.6,,,8,6,,,,,,,,60,,0.6,1,,,,,,,,,958.3056411,928.7012334,908.9649616,21.62404,18.03036,22.80128,26.87,26.87,26.87,1.76,1.76,1.76
ct_fe_90_1-c,90,CT,G,,,1,991,297.6,,,8,6,,,,,,,,60,,0.6,1,,,,,,,,,958.3056411,928.7012334,908.9649616,21.62404,18.03036,22.80128,26.87,26.87,26.87,1.76,1.76,1.76
ct_fe_91_1-c,91,CT,G,,,1,991,297.6,,,8,6,,,,,,,,60,,0.6,1,,,,,,,,,958.3056411,928.7012334,908.9649616,21.62404,18.03036,22.80128,26.87,26.87,26.87,1.76,1.76,1.76
ct_fe_98_1-c,98,CT,G,,,1,991,297.6,,,8,6,,,,,,,,60,,0.6,1,,,,,,,,,958.3056411,928.7012334,908.9649616,21.62404,18.03036,22.80128,26.87,26.87,26.87,1.76,1.76,1.76
ct_fe_99_1-c,99,CT,G,,,1,991,297.6,,,8,6,,,,,,,,60,,0.6,1,,,,,,,,,958.3056411,928.7012334,908.9649616,21.62404,18.03036,22.80128,26.87,26.87,26.87,1.76,1.76,1.76
ct_fe_110_1-c,110,CT,G,,,1,991,297.6,,,8,6,,,,,,,,60,,0.6,1,,,,,,,,,958.3056411,928.7012334,908.9649616,21.62404,18.03036,22.80128,26.87,26.87,26.87,1.76,1.76,1.76
ct_fe_111_1-c,111,CT,G,,,1,991,297.6,,,8,6,,,,,,,,60,,0.6,1,,,,,,,,,958.3056411,928.7012334,908.9649616,21.62404,18.03036,22.80128,26.87,26.87,26.87,1.76,1.76,1.76
ct_fe_112_1-c,112,CT,G,,,1,991,297.6,,,8,6,,,,,,,,60,,0.6,1,,,,,,,,,958.3056411,928.7012334,908.9649616,21.62404,18.03036,22.80128,26.87,26.87,26.87,1.76,1.76,1.76
ct_fe_113_1-c,113,CT,G,,,1,991,297.6,,,8,6,,,,,,,,60,,0.6,1,,,,,,,,,958.3056411,928.7012334,908.9649616,21.62404,18.03036,22.80128,26.87,26.87,26.87,1.76,1.76,1.76
ct_fe_115_1-c,115,CT,G,,,1,991,297.6,,,8,6,,,,,,,,60,,0.6,1,,,,,,,,,958.3056411,928.7012334,908.9649616,21.62404,18.03036,22.80128,26.87,26.87,26.87,1.76,1.76,1.76
ct_fe_118_1-c,118,CT,G,,,1,991,297.6,,,8,6,,,,,,,,60,,0.6,1,,,,,,,,,958.3056411,928.7012334,908.9649616,21.62404,18.03036,22.80128,26.87,26.87,26.87,1.76,1.76,1.76
ct_fe_1_2-c,1,CT,G,,,1,9900,297.6,,,8,6,,,,,,,,60,,0.6,1,,,,,,,,,958.3056411,928.7012334,908.9649616,21.62404,18.03036,22.80128,26.87,26.87,26.87,1.76,1.76,1.76
ct_fe_18_2-c,18,CT,G,,,1,9900,297.6,,,8,6,,,,,,,,60,,0.6,1,,,,,,,,,958.3056411,928.7012334,908.9649616,21.62404,18.03036,22.80128,26.87,26.87,26.87,1.76,1.76,1.76
ct_fe_23_2-c,23,CT,G,,,1,9900,297.6,,,8,6,,,,,,,,60,,0.6,1,,,,,,,,,958.3056411,928.7012334,908.9649616,21.62404,18.03036,22.80128,26.87,26.87,26.87,1.76,1.76,1.76
ct_fe_32_2-c,32,CT,G,,,1,9900,297.6,,,8,6,,,,,,,,60,,0.6,1,,,,,,,,,958.3056411,928.7012334,908.9649616,21.62404,18.03036,22.80128,26.87,26.87,26.87,1.76,1.76,1.76
ct_fe_36_2-c,36,CT,G,,,1,9900,297.6,,,8,6,,,,,,,,60,,0.6,1,,,,,,,,,958.3056411,928.7012334,908.9649616,21.62404,18.03036,22.80128,26.87,26.87,26.87,1.76,1.76,1.76
ct_fe_42_2-c,42,CT,G,,,1,9900,297.6,,,8,6,,,,,,,,60,,0.6,1,,,,,,,,,958.3056411,928.7012334,908.9649616,21.62404,18.03036,22.80128,26.87,26.87,26.87,1.76,1.76,1.76
ct_fe_44_2-c,44,CT,G,,,1,9900,297.6,,,8,6,,,,,,,,60,,0.6,1,,,,,,,,,958.3056411,928.7012334,908.9649616,21.62404,18.03036,22.80128,26.87,26.87,26.87,1.76,1.76,1.76
ct_fe_49_2-c,49,CT,G,,,1,9900,297.6,,,8,6,,,,,,,,60,,0.6,1,,,,,,,,,958.3056411,928.7012334,908.9649616,21.62404,18.03036,22.80128,26.87,26.87,26.87,1.76,1.76,1.76
ct_fe_54_2-c,54,CT,G,,,1,9900,297.6,,,8,6,,,,,,,,60,,0.6,1,,,,,,,,,958.3056411,928.7012334,908.9649616,21.62404,18.03036,22.80128,26.87,26.87,26.87,1.76,1.76,1.76
ct_fe_63_2-c,63,CT,G,,,1,9900,297.6,,,8,6,,,,,,,,60,,0.6,1,,,,,,,,,958.3056411,928.7012334,908.9649616,21.62404,18.03036,22.80128,26.87,26.87,26.87,1.76,1.76,1.76
ct_fe_65_2-c,65,CT,G,,,1,9900,297.6,,,8,6,,,,,,,,60,,0.6,1,,,,,,,,,958.3056411,928.7012334,908.9649616,21.62404,18.03036,22.80128,26.87,26.87,26.87,1.76,1.76,1.76
ct_fe_74_2-c,74,CT,G,,,1,9900,297.6,,,8,6,,,,,,,,60,,0.6,1,,,,,,,,,958.3056411,928.7012334,908.9649616,21.62404,18.03036,22.80128,26.87,26.87,26.87,1.76,1.76,1.76
ct_fe_78_2-c,78,CT,G,,,1,9900,297.6,,,8,6,,,,,,,,60,,0.6,1,,,,,,,,,958.3056411,928.7012334,908.9649616,21.62404,18.03036,22.80128,26.87,26.87,26.87,1.76,1.76,1.76
ct_fe_79_2-c,79,CT,G,,,1,9900,297.6,,,8,6,,,,,,,,60,,0.6,1,,,,,,,,,958.3056411,928.7012334,908.9649616,21.62404,18.03036,22.80128,26.87,26.87,26.87,1.76,1.76,1.76
ct_fe_81_2-c,81,CT,G,,,1,9900,297.6,,,8,6,,,,,,,,60,,0.6,1,,,,,,,,,958.3056411,928.7012334,908.9649616,21.62404,18.03036,22.80128,26.87,26.87,26.87,1.76,1.76,1.76
ct_fe_90_2-c,90,CT,G,,,1,9900,297.6,,,8,6,,,,,,,,60,,0.6,1,,,,,,,,,958.3056411,928.7012334,908.9649616,21.62404,18.03036,22.80128,26.87,26.87,26.87,1.76,1.76,1.76
ct_fe_91_2-c,91,CT,G,,,1,9900,297.6,,,8,6,,,,,,,,60,,0.6,1,,,,,,,,,958.3056411,928.7012334,908.9649616,21.62404,18.03036,22.80128,26.87,26.87,26.87,1.76,1.76,1.76
ct_fe_98_2-c,98,CT,G,,,1,9900,297.6,,,8,6,,,,,,,,60,,0.6,1,,,,,,,,,958.3056411,928.7012334,908.9649616,21.62404,18.03036,22.80128,26.87,26.87,26.87,1.76,1.76,1.76
ct_fe_99_2-c,99,CT,G,,,1,9900,297.6,,,8,6,,,,,,,,60,,0.6,1,,,,,,,,,958.3056411,928.7012334,908.9649616,21.62404,18.03036,22.80128,26.87,26.87,26.87,1.76,1.76,1.76
ct_fe_110_2-c,110,CT,G,,,1,9900,297.6,,,8,6,,,,,,,,60,,0.6,1,,,,,,,,,958.3056411,928.7012334,908.9649616,21.62404,18.03036,22.80128,26.87,26.87,26.87,1.76,1.76,1.76
ct_fe_111_2-c,111,CT,G,,,1,9900,297.6,,,8,6,,,,,,,,60,,0.6,1,,,,,,,,,958.3056411,928.7012334,908.9649616,21.62404,18.03036,22.80128,26.87,26.87,26.87,1.76,1.76,1.76
ct_fe_112_2-c,112,CT,G,,,1,9900,297.6,,,8,6,,,,,,,,60,,0.6,1,,,,,,,,,958.3056411,928.7012334,908.9649616,21.62404,18.03036,22.80128,26.87,26.87,26.87,1.76,1.76,1.76
ct_fe_113_2-c,113,CT,G,,,1,9900,297.6,,,8,6,,,,,,,,60,,0.6,1,,,,,,,,,958.3056411,928.7012334,908.9649616,21.62404,18.03036,22.80128,26.87,26.87,26.87,1.76,1.76,1.76
ct_fe_115_2-c,115,CT,G,,,1,9900,297.6,,,8,6,,,,,,,,60,,0.6,1,,,,,,,,,958.3056411,928.7012334,908.9649616,21.62404,18.03036,22.80128,26.87,26.87,26.87,1.76,1.76,1.76
ct_fe_118_2-c,118,CT,G,,,1,9900,297.6,,,8,6,,,,,,,,60,,0.6,1,,,,,,,,,958.3056411,928.7012334,908.9649616,21.62404,18.03036,22.80128,26.87,26.87,26.87,1.76,1.76,1.76