,Bus Number,Bus Name,Bus latitude,Bus longitude,Gen bus/ Non-gen bus,Nominal Voltage (KV),Weather Zone,County,Land-Based Wind,Land-Based Wind Rating,Solar - CSP,Solar - CSP Rating,Natural Gas_CT,Natural Gas_CT Rating,Natural Gas_FE,Natural Gas_FE Rating,Coal_FE,Coal_FE Rating,Biopower,Biopower Rating,Nuclear,Nuclear Rating,Geothermal,Geothermal Rating,Solar - Utility PV,Solar - Utility PV Rating,Land-Based Wind - Generation Gross,Solar - CSP - Generation Gross,Natural Gas_CT - Generation Gross,Natural Gas_FE - Generation Gross,Coal_FE - Generation Gross,Biopower - Generation Gross,Nuclear - Generation Gross,Geothermal - Generation Gross,Solar - Utility PV - Generation Gross,Land-Based Wind - Generation Multiplier,Solar - CSP - Generation Multiplier,Natural Gas_CT - Generation Multiplier,Natural Gas_FE - Generation Multiplier,Coal_FE - Generation Multiplier,Biopower - Generation Multiplier,Nuclear - Generation Multiplier,Geothermal - Generation Multiplier,Solar - Utility PV - Generation Multiplier,Land-Based Wind - Generation Scaled,Solar - CSP - Generation Scaled,Natural Gas_CT - Generation Scaled,Natural Gas_FE - Generation Scaled,Coal_FE - Generation Scaled,Biopower - Generation Scaled,Nuclear - Generation Scaled,Geothermal - Generation Scaled,Solar - Utility PV - Generation Scaled,Natural Gas_FE - Generation Weight,Natural Gas_CT - Generation Weight,Solar - Utility PV - Generation Weight,Solar - CSP - Generation Weight,Land-Based Wind - Generation Weight
0,1,Tennessee Colony 345,31.852,-95.888,1,345,EAST,Anderson,Land-Based Wind - Class 8,1.0,,,NG F-Frame CT,Good,NG H-Frame CC,Good,,Good,,,Nuclear - Small Modular Reactor,Good,Geothermal - NF EGS / Binary,H,Utility PV - Class 2,H,200,0,727,992,0,0,0,0,100,0.3498823875,1.0,1.0,1.0,1.0,1.0,1.0,1.0,0.32609927461590577,69.9764775,0.0,727.0,992.0,0.0,0.0,0.0,0.0,32.60992746159058,306.0652173913044,124.23387096774196,185.7150183053759,0.0,135.2065816999688
1,2,Wheeler 345,35.437,-100.197,1,345,NORTH,Wheeler,,,,,,,,,,,,,,,,,,,0,0,0,0,0,0,0,0,0,1.0,1.0,1.0,1.0,1.0,1.0,1.0,1.0,1.0,0.0,0.0,0.0,0.0,0.0,0.0,0.0,0.0,0.0,0.0,0.0,0.0,0.0,0.0
2,3,Alpine 2 345,30.429,-103.326,1,345,FWEST,Brewster,Land-Based Wind - Class 7,2.0,,,,,,,,,,,,,,M,Utility PV - Class 1,VH,200,0,0,0,0,0,0,0,100,0.39361720000000006,1.0,1.0,1.0,1.0,1.0,1.0,1.0,0.336190755845988,78.72344000000001,0.0,0.0,0.0,0.0,0.0,0.0,0.0,33.619075584598804,0.0,0.0,191.46216270973105,0.0,152.10721662951087
3,4,Rosharon 345,29.381,-95.47,0,345,COAST,Brazoria,Land-Based Wind - Class 7,2.0,,,NG F-Frame CT,RO,,RO,,,,,Nuclear - Small Modular Reactor,Good,Geothermal - NF EGS / Binary,H,Utility PV - Class 4,M,200,0,727,0,0,0,0,0,100,0.39361720000000006,1.0,0.5,0.5,1.0,1.0,1.0,1.0,0.29392088292806046,78.72344000000001,0.0,363.5,0.0,0.0,0.0,0.0,0.0,29.392088292806047,0.0,62.11693548387098,167.3892780583773,0.0,152.10721662951087
4,5,Sullivan City 345,26.289,-98.547,0,345,SOUTH,Hidalgo,Land-Based Wind - Class 7,2.0,,,NG F-Frame CT,Good,NG H-Frame CC,Good,,Good,Biopower - Dedicated,Good,,,Geothermal - NF EGS / Binary,H,Utility PV - Class 4,M,200,0,727,992,0,0,0,0,100,0.39361720000000006,1.0,1.0,1.0,1.0,1.0,1.0,1.0,0.29392088292806046,78.72344000000001,0.0,727.0,992.0,0.0,0.0,0.0,0.0,29.392088292806047,306.0652173913044,124.23387096774196,167.3892780583773,0.0,152.10721662951087
5,6,Prosper 345,33.242,-96.808,1,345,NCENT,Collin,Land-Based Wind - Class 8,1.0,,,NG F-Frame CT,RO,,RO,,,,,Nuclear - Small Modular Reactor,Good,,,Utility PV - Class 2,H,200,0,727,0,0,0,0,0,100,0.3498823875,1.0,0.5,0.5,1.0,1.0,1.0,1.0,0.32609927461590577,69.9764775,0.0,363.5,0.0,0.0,0.0,0.0,0.0,32.60992746159058,0.0,62.11693548387098,185.7150183053759,0.0,135.2065816999688
6,7,Eastland 345,32.399,-98.801,1,345,NCENT,Eastland,Land-Based Wind - Class 7,2.0,,,NG F-Frame CT,Good,,,,,,,,,,,Utility PV - Class 2,H,200,0,727,0,0,0,0,0,100,0.39361720000000006,1.0,1.0,1.0,1.0,1.0,1.0,1.0,0.32609927461590577,78.72344000000001,0.0,727.0,0.0,0.0,0.0,0.0,0.0,32.60992746159058,0.0,124.23387096774196,185.7150183053759,0.0,152.10721662951087
7,8,Fischer 345,29.971,-98.228,1,345,SCENT,Comal,Land-Based Wind - Class 8,1.0,,,NG F-Frame CT,Avg.,NG H-Frame CC,Avg.,,Good,,,Nuclear - Small Modular Reactor,Good,,,Utility PV - Class 2,H,200,0,727,992,0,0,0,0,100,0.3498823875,1.0,0.8,0.8,1.0,1.0,1.0,1.0,0.32609927461590577,69.9764775,0.0,581.6,793.6,0.0,0.0,0.0,0.0,32.60992746159058,244.85217391304352,99.38709677419357,185.7150183053759,0.0,135.2065816999688
8,9,Bryan 1 345,30.652,-96.339,0,345,EAST,Brazos,Land-Based Wind - Class 8,1.0,,,NG F-Frame CT,Good,NG H-Frame CC,Good,,Good,,,Nuclear - Small Modular Reactor,Good,,,Utility PV - Class 2,H,200,0,727,992,0,0,0,0,100,0.3498823875,1.0,1.0,1.0,1.0,1.0,1.0,1.0,0.32609927461590577,69.9764775,0.0,727.0,992.0,0.0,0.0,0.0,0.0,32.60992746159058,306.0652173913044,124.23387096774196,185.7150183053759,0.0,135.2065816999688
9,10,Rowlett 1 345,32.951,-96.566,0,345,NCENT,Dallas,Land-Based Wind - Class 8,1.0,,,,,,,,,,,,,,M,Utility PV - Class 2,H,200,0,0,0,0,0,0,0,100,0.3498823875,1.0,1.0,1.0,1.0,1.0,1.0,1.0,0.32609927461590577,69.9764775,0.0,0.0,0.0,0.0,0.0,0.0,0.0,32.60992746159058,0.0,0.0,185.7150183053759,0.0,135.2065816999688
10,11,Weatherford 3 345,32.683,-97.782,0,345,NCENT,Parker,Land-Based Wind - Class 7,2.0,,,NG F-Frame CT,RO,,RO,,,,,,,,,Utility PV - Class 2,H,200,0,727,0,0,0,0,0,100,0.39361720000000006,1.0,0.5,0.5,1.0,1.0,1.0,1.0,0.32609927461590577,78.72344000000001,0.0,363.5,0.0,0.0,0.0,0.0,0.0,32.60992746159058,0.0,62.11693548387098,185.7150183053759,0.0,152.10721662951087
11,12,Odonnell 345,32.927,-101.764,1,345,FWEST,Dawson,Land-Based Wind - Class 6,3.0,CSP - Class 7,Avg.,NG F-Frame CT,Good,,,,,,,,,,,Utility PV - Class 2,H,200,104,727,0,0,0,0,0,100,0.43355873250000004,0.494,1.0,1.0,1.0,1.0,1.0,1.0,0.32609927461590577,86.7117465,51.376,727.0,0.0,0.0,0.0,0.0,0.0,32.60992746159058,0.0,124.23387096774196,185.7150183053759,292.58865392126836,167.54199777345514
12,13,Dallas 10 345,32.71,-96.679,1,345,NCENT,Dallas,Land-Based Wind - Class 8,1.0,,,,,,,,,,,,,,M,Utility PV - Class 2,H,200,0,0,0,0,0,0,0,100,0.3498823875,1.0,1.0,1.0,1.0,1.0,1.0,1.0,0.32609927461590577,69.9764775,0.0,0.0,0.0,0.0,0.0,0.0,0.0,32.60992746159058,0.0,0.0,185.7150183053759,0.0,135.2065816999688
13,14,O'Donnell 345,32.928,-101.616,1,345,FWEST,Borden,Land-Based Wind - Class 6,3.0,,,,,,,,,,,,,,,Utility PV - Class 2,H,200,0,0,0,0,0,0,0,100,0.43355873250000004,1.0,1.0,1.0,1.0,1.0,1.0,1.0,0.32609927461590577,86.7117465,0.0,0.0,0.0,0.0,0.0,0.0,0.0,32.60992746159058,0.0,0.0,185.7150183053759,0.0,167.54199777345514
14,15,Canyon Lake 1 345,29.889,-98.245,1,345,SCENT,Comal,Land-Based Wind - Class 8,1.0,,,NG F-Frame CT,Avg.,NG H-Frame CC,Avg.,,Good,,,Nuclear - Small Modular Reactor,Good,,,Utility PV - Class 2,H,200,0,727,992,0,0,0,0,100,0.3498823875,1.0,0.8,0.8,1.0,1.0,1.0,1.0,0.32609927461590577,69.9764775,0.0,581.6,793.6,0.0,0.0,0.0,0.0,32.60992746159058,244.85217391304352,99.38709677419357,185.7150183053759,0.0,135.2065816999688
15,16,Adrian 1 345,35.34,-102.795,1,345,NORTH,Oldham,,,,,,,,,,,,,,,,,,,0,0,0,0,0,0,0,0,0,1.0,1.0,1.0,1.0,1.0,1.0,1.0,1.0,1.0,0.0,0.0,0.0,0.0,0.0,0.0,0.0,0.0,0.0,0.0,0.0,0.0,0.0,0.0
16,17,Austin 17 345,30.19,-97.957,1,345,SCENT,Hays,Land-Based Wind - Class 8,1.0,,,NG F-Frame CT,Avg.,NG H-Frame CC,Avg.,,Good,,,,,,,Utility PV - Class 2,H,200,0,727,992,0,0,0,0,100,0.3498823875,1.0,0.8,0.8,1.0,1.0,1.0,1.0,0.32609927461590577,69.9764775,0.0,581.6,793.6,0.0,0.0,0.0,0.0,32.60992746159058,244.85217391304352,99.38709677419357,185.7150183053759,0.0,135.2065816999688
17,18,Taft 2 345,27.966,-97.375,1,345,SOUTH,San Patricio,Land-Based Wind - Class 7,2.0,,,NG F-Frame CT,Good,NG H-Frame CC,Good,,Good,,,,,Geothermal - NF EGS / Binary,H,Utility PV - Class 4,M,200,0,727,992,0,0,0,0,100,0.39361720000000006,1.0,1.0,1.0,1.0,1.0,1.0,1.0,0.29392088292806046,78.72344000000001,0.0,727.0,992.0,0.0,0.0,0.0,0.0,29.392088292806047,306.0652173913044,124.23387096774196,167.3892780583773,0.0,152.10721662951087
18,19,Dilley 1 345,28.703,-99.191,1,345,SOUTH,Frio,Land-Based Wind - Class 7,2.0,,,NG F-Frame CT,Avg.,NG H-Frame CC,Avg.,,,,,,,,,Utility PV - Class 2,H,200,0,727,992,0,0,0,0,100,0.39361720000000006,1.0,0.8,0.8,1.0,1.0,1.0,1.0,0.32609927461590577,78.72344000000001,0.0,581.6,793.6,0.0,0.0,0.0,0.0,32.60992746159058,244.85217391304352,99.38709677419357,185.7150183053759,0.0,152.10721662951087
19,20,Dallas 8 345,32.782,-96.879,0,345,NCENT,Dallas,Land-Based Wind - Class 8,1.0,,,,,,,,,,,,,,M,Utility PV - Class 2,H,200,0,0,0,0,0,0,0,100,0.3498823875,1.0,1.0,1.0,1.0,1.0,1.0,1.0,0.32609927461590577,69.9764775,0.0,0.0,0.0,0.0,0.0,0.0,0.0,32.60992746159058,0.0,0.0,185.7150183053759,0.0,135.2065816999688
20,21,San Angelo 3 345,31.278,-100.406,0,345,WEST,Tom Green,Land-Based Wind - Class 7,2.0,,,NG F-Frame CT,Avg.,,,,,,,,,,,Utility PV - Class 2,H,200,0,727,0,0,0,0,0,100,0.39361720000000006,1.0,0.8,1.0,1.0,1.0,1.0,1.0,0.32609927461590577,78.72344000000001,0.0,581.6,0.0,0.0,0.0,0.0,0.0,32.60992746159058,0.0,99.38709677419357,185.7150183053759,0.0,152.10721662951087
21,22,Carlsbad 345,31.603,-100.669,1,345,WEST,Tom Green,Land-Based Wind - Class 7,2.0,,,NG F-Frame CT,Avg.,,,,,,,,,,,Utility PV - Class 2,H,200,0,727,0,0,0,0,0,100,0.39361720000000006,1.0,0.8,1.0,1.0,1.0,1.0,1.0,0.32609927461590577,78.72344000000001,0.0,581.6,0.0,0.0,0.0,0.0,0.0,32.60992746159058,0.0,99.38709677419357,185.7150183053759,0.0,152.10721662951087
22,23,Dale 345,29.94,-97.568,1,345,SCENT,Caldwell,Land-Based Wind - Class 8,1.0,,,NG F-Frame CT,Good,NG H-Frame CC,Good,,Good,,,,,,,Utility PV - Class 2,H,200,0,727,992,0,0,0,0,100,0.3498823875,1.0,1.0,1.0,1.0,1.0,1.0,1.0,0.32609927461590577,69.9764775,0.0,727.0,992.0,0.0,0.0,0.0,0.0,32.60992746159058,306.0652173913044,124.23387096774196,185.7150183053759,0.0,135.2065816999688
23,24,Brenham 345,30.215,-96.41,0,345,SCENT,Washington,Land-Based Wind - Class 8,1.0,,,NG F-Frame CT,Good,NG H-Frame CC,Good,,Good,,,Nuclear - Small Modular Reactor,Good,,,Utility PV - Class 4,M,200,0,727,992,0,0,0,0,100,0.3498823875,1.0,1.0,1.0,1.0,1.0,1.0,1.0,0.29392088292806046,69.9764775,0.0,727.0,992.0,0.0,0.0,0.0,0.0,29.392088292806047,306.0652173913044,124.23387096774196,167.3892780583773,0.0,135.2065816999688
24,25,Raymondville 345,26.488,-97.739,1,345,SOUTH,Willacy,Land-Based Wind - Class 7,2.0,,,NG F-Frame CT,Good,,,,,,,,,Geothermal - NF EGS / Binary,H,Utility PV - Class 4,M,200,0,727,0,0,0,0,0,100,0.39361720000000006,1.0,1.0,1.0,1.0,1.0,1.0,1.0,0.29392088292806046,78.72344000000001,0.0,727.0,0.0,0.0,0.0,0.0,0.0,29.392088292806047,0.0,124.23387096774196,167.3892780583773,0.0,152.10721662951087
25,26,Mccamey 345,31.194,-102.238,1,345,FWEST,Upton,Land-Based Wind - Class 6,3.0,CSP - Class 7,Avg.,NG F-Frame CT,Good,,,,,,,,,,,Utility PV - Class 2,H,200,104,727,0,0,0,0,0,100,0.43355873250000004,0.494,1.0,1.0,1.0,1.0,1.0,1.0,0.32609927461590577,86.7117465,51.376,727.0,0.0,0.0,0.0,0.0,0.0,32.60992746159058,0.0,124.23387096774196,185.7150183053759,292.58865392126836,167.54199777345514
26,27,Fort Worth 16 345,32.824,-97.049,1,345,NCENT,Tarrant,Land-Based Wind - Class 8,1.0,,,,,,,,,,,,,,,Utility PV - Class 2,H,200,0,0,0,0,0,0,0,100,0.3498823875,1.0,1.0,1.0,1.0,1.0,1.0,1.0,0.32609927461590577,69.9764775,0.0,0.0,0.0,0.0,0.0,0.0,0.0,32.60992746159058,0.0,0.0,185.7150183053759,0.0,135.2065816999688
27,28,Art 345,30.767,-99.05,1,345,WEST,Mason,Land-Based Wind - Class 8,1.0,,,,,,,,,,,,,,,Utility PV - Class 2,H,200,0,0,0,0,0,0,0,100,0.3498823875,1.0,1.0,1.0,1.0,1.0,1.0,1.0,0.32609927461590577,69.9764775,0.0,0.0,0.0,0.0,0.0,0.0,0.0,32.60992746159058,0.0,0.0,185.7150183053759,0.0,135.2065816999688
28,29,Austin 22 345,30.295,-97.808,1,345,SCENT,Travis,Land-Based Wind - Class 8,1.0,,,,,,,,,,,,,,,Utility PV - Class 2,H,200,0,0,0,0,0,0,0,100,0.3498823875,1.0,1.0,1.0,1.0,1.0,1.0,1.0,0.32609927461590577,69.9764775,0.0,0.0,0.0,0.0,0.0,0.0,0.0,32.60992746159058,0.0,0.0,185.7150183053759,0.0,135.2065816999688
29,30,Abilene 2 345,32.336,-99.667,1,345,WEST,Taylor,Land-Based Wind - Class 6,3.0,,,NG F-Frame CT,Good,,,,,,,,,,,Utility PV - Class 2,H,200,0,727,0,0,0,0,0,100,0.43355873250000004,1.0,1.0,1.0,1.0,1.0,1.0,1.0,0.32609927461590577,86.7117465,0.0,727.0,0.0,0.0,0.0,0.0,0.0,32.60992746159058,0.0,124.23387096774196,185.7150183053759,0.0,167.54199777345514
30,31,Campbellton 345,28.721,-98.281,1,345,SOUTH,Atascosa,Land-Based Wind - Class 8,1.0,,,NG F-Frame CT,Good,,,,,,,,,,,Utility PV - Class 2,H,200,0,727,0,0,0,0,0,100,0.3498823875,1.0,1.0,1.0,1.0,1.0,1.0,1.0,0.32609927461590577,69.9764775,0.0,727.0,0.0,0.0,0.0,0.0,0.0,32.60992746159058,0.0,124.23387096774196,185.7150183053759,0.0,135.2065816999688
31,32,Corpus Christi 11 345,27.835,-97.381,1,345,SOUTH,Nueces,Land-Based Wind - Class 7,2.0,,,NG F-Frame CT,Good,NG H-Frame CC,Good,,Good,Biopower - Dedicated,Good,,,Geothermal - NF EGS / Binary,H,Utility PV - Class 4,M,200,0,727,992,0,0,0,0,100,0.39361720000000006,1.0,1.0,1.0,1.0,1.0,1.0,1.0,0.29392088292806046,78.72344000000001,0.0,727.0,992.0,0.0,0.0,0.0,0.0,29.392088292806047,306.0652173913044,124.23387096774196,167.3892780583773,0.0,152.10721662951087
32,33,New Braunfels 2 345,29.759,-98.19,1,345,SCENT,Comal,Land-Based Wind - Class 8,1.0,,,NG F-Frame CT,Avg.,NG H-Frame CC,Avg.,,Good,,,Nuclear - Small Modular Reactor,Good,,,Utility PV - Class 2,H,200,0,727,992,0,0,0,0,100,0.3498823875,1.0,0.8,0.8,1.0,1.0,1.0,1.0,0.32609927461590577,69.9764775,0.0,581.6,793.6,0.0,0.0,0.0,0.0,32.60992746159058,244.85217391304352,99.38709677419357,185.7150183053759,0.0,135.2065816999688
33,34,Abilene 5 345,32.363,-99.817,1,345,WEST,Taylor,Land-Based Wind - Class 6,3.0,,,NG F-Frame CT,Good,,,,,,,,,,,Utility PV - Class 2,H,200,0,727,0,0,0,0,0,100,0.43355873250000004,1.0,1.0,1.0,1.0,1.0,1.0,1.0,0.32609927461590577,86.7117465,0.0,727.0,0.0,0.0,0.0,0.0,0.0,32.60992746159058,0.0,124.23387096774196,185.7150183053759,0.0,167.54199777345514
34,35,Rule 2 345,33.05,-99.919,1,345,NORTH,Haskell,Land-Based Wind - Class 6,3.0,,,NG F-Frame CT,Avg.,NG H-Frame CC,Avg.,,Good,,,Nuclear - Small Modular Reactor,Good,,,Utility PV - Class 2,H,200,0,727,992,0,0,0,0,100,0.43355873250000004,1.0,0.8,0.8,1.0,1.0,1.0,1.0,0.32609927461590577,86.7117465,0.0,581.6,793.6,0.0,0.0,0.0,0.0,32.60992746159058,244.85217391304352,99.38709677419357,185.7150183053759,0.0,167.54199777345514
35,36,Cedar Creek 2 345,30.146,-97.55,1,345,SCENT,Bastrop,Land-Based Wind - Class 8,1.0,,,NG F-Frame CT,Good,NG H-Frame CC,Good,,Good,,,,,,,Utility PV - Class 2,H,200,0,727,992,0,0,0,0,100,0.3498823875,1.0,1.0,1.0,1.0,1.0,1.0,1.0,0.32609927461590577,69.9764775,0.0,727.0,992.0,0.0,0.0,0.0,0.0,32.60992746159058,306.0652173913044,124.23387096774196,185.7150183053759,0.0,135.2065816999688
36,37,Fort Worth 15 345,32.62,-97.275,0,345,NCENT,Tarrant,Land-Based Wind - Class 8,1.0,,,,,,,,,,,,,,,Utility PV - Class 2,H,200,0,0,0,0,0,0,0,100,0.3498823875,1.0,1.0,1.0,1.0,1.0,1.0,1.0,0.32609927461590577,69.9764775,0.0,0.0,0.0,0.0,0.0,0.0,0.0,32.60992746159058,0.0,0.0,185.7150183053759,0.0,135.2065816999688
37,38,Lytle 345,29.204,-98.777,1,345,SOUTH,Atascosa,Land-Based Wind - Class 8,1.0,,,NG F-Frame CT,Good,,,,,,,,,,,Utility PV - Class 2,H,200,0,727,0,0,0,0,0,100,0.3498823875,1.0,1.0,1.0,1.0,1.0,1.0,1.0,0.32609927461590577,69.9764775,0.0,727.0,0.0,0.0,0.0,0.0,0.0,32.60992746159058,0.0,124.23387096774196,185.7150183053759,0.0,135.2065816999688
38,39,Conroe 4 345,30.325,-95.505,0,345,COAST,Montgomery,Land-Based Wind - Class 8,1.0,,,NG F-Frame CT,RO,,RO,,,Biopower - Dedicated,Good,Nuclear - Small Modular Reactor,Good,Geothermal - NF EGS / Binary,H,Utility PV - Class 4,M,200,0,727,0,0,0,0,0,100,0.3498823875,1.0,0.5,0.5,1.0,1.0,1.0,1.0,0.29392088292806046,69.9764775,0.0,363.5,0.0,0.0,0.0,0.0,0.0,29.392088292806047,0.0,62.11693548387098,167.3892780583773,0.0,135.2065816999688
39,40,Gordon 345,32.588,-98.334,1,345,NCENT,Palo Pinto,Land-Based Wind - Class 7,2.0,,,NG F-Frame CT,Avg.,NG H-Frame CC,Avg.,,,,,Nuclear - Small Modular Reactor,Good,,,Utility PV - Class 2,H,200,0,727,992,0,0,0,0,100,0.39361720000000006,1.0,0.8,0.8,1.0,1.0,1.0,1.0,0.32609927461590577,78.72344000000001,0.0,581.6,793.6,0.0,0.0,0.0,0.0,32.60992746159058,244.85217391304352,99.38709677419357,185.7150183053759,0.0,152.10721662951087
40,41,Melvin 345,31.177,-99.616,0,345,WEST,Concho,Land-Based Wind - Class 8,1.0,,,NG F-Frame CT,Avg.,NG H-Frame CC,Avg.,,,,,,,,,Utility PV - Class 2,H,200,0,727,992,0,0,0,0,100,0.3498823875,1.0,0.8,0.8,1.0,1.0,1.0,1.0,0.32609927461590577,69.9764775,0.0,581.6,793.6,0.0,0.0,0.0,0.0,32.60992746159058,244.85217391304352,99.38709677419357,185.7150183053759,0.0,135.2065816999688
41,42,Blum 345,32.109,-97.396,1,345,NCENT,Hill,Land-Based Wind - Class 8,1.0,,,NG F-Frame CT,Good,NG H-Frame CC,Good,,Good,,,,,,,Utility PV - Class 2,H,200,0,727,992,0,0,0,0,100,0.3498823875,1.0,1.0,1.0,1.0,1.0,1.0,1.0,0.32609927461590577,69.9764775,0.0,727.0,992.0,0.0,0.0,0.0,0.0,32.60992746159058,306.0652173913044,124.23387096774196,185.7150183053759,0.0,135.2065816999688
42,43,Rockdale 2 345,30.568,-97.061,1,345,SCENT,Milam,Land-Based Wind - Class 8,1.0,,,NG F-Frame CT,Avg.,NG H-Frame CC,Avg.,,Good,,,Nuclear - Small Modular Reactor,Good,,,Utility PV - Class 2,H,200,0,727,992,0,0,0,0,100,0.3498823875,1.0,0.8,0.8,1.0,1.0,1.0,1.0,0.32609927461590577,69.9764775,0.0,581.6,793.6,0.0,0.0,0.0,0.0,32.60992746159058,244.85217391304352,99.38709677419357,185.7150183053759,0.0,135.2065816999688
43,44,Richards 2 345,30.599,-95.875,1,345,EAST,Grimes,Land-Based Wind - Class 8,1.0,,,NG F-Frame CT,Good,NG H-Frame CC,Good,,Good,,,Nuclear - Small Modular Reactor,Good,,,Utility PV - Class 4,M,200,0,727,992,0,0,0,0,100,0.3498823875,1.0,1.0,1.0,1.0,1.0,1.0,1.0,0.29392088292806046,69.9764775,0.0,727.0,992.0,0.0,0.0,0.0,0.0,29.392088292806047,306.0652173913044,124.23387096774196,167.3892780583773,0.0,135.2065816999688
44,45,Tarpley 345,29.678,-99.317,0,345,SCENT,Bandera,Land-Based Wind - Class 8,1.0,,,NG F-Frame CT,Good,NG H-Frame CC,Good,,,,,,,,,Utility PV - Class 2,H,200,0,727,992,0,0,0,0,100,0.3498823875,1.0,1.0,1.0,1.0,1.0,1.0,1.0,0.32609927461590577,69.9764775,0.0,727.0,992.0,0.0,0.0,0.0,0.0,32.60992746159058,306.0652173913044,124.23387096774196,185.7150183053759,0.0,135.2065816999688
45,46,Bayside 3 345,27.66,-98.076,1,345,SOUTH,Jim Wells,Land-Based Wind - Class 8,1.0,,,NG F-Frame CT,Good,,,,,,,,,,M,Utility PV - Class 4,M,200,0,727,0,0,0,0,0,100,0.3498823875,1.0,1.0,1.0,1.0,1.0,1.0,1.0,0.29392088292806046,69.9764775,0.0,727.0,0.0,0.0,0.0,0.0,0.0,29.392088292806047,0.0,124.23387096774196,167.3892780583773,0.0,135.2065816999688
46,47,San Antonio 25 345,29.484,-98.67,0,345,SCENT,Bexar,Land-Based Wind - Class 8,1.0,,,,,,,,,,,,,,,Utility PV - Class 2,H,200,0,0,0,0,0,0,0,100,0.3498823875,1.0,1.0,1.0,1.0,1.0,1.0,1.0,0.32609927461590577,69.9764775,0.0,0.0,0.0,0.0,0.0,0.0,0.0,32.60992746159058,0.0,0.0,185.7150183053759,0.0,135.2065816999688
47,48,Roscoe 2 345,32.457,-100.655,1,345,WEST,Nolan,Land-Based Wind - Class 6,3.0,,,NG F-Frame CT,Good,,,,,,,,,,,Utility PV - Class 2,H,200,0,727,0,0,0,0,0,100,0.43355873250000004,1.0,1.0,1.0,1.0,1.0,1.0,1.0,0.32609927461590577,86.7117465,0.0,727.0,0.0,0.0,0.0,0.0,0.0,32.60992746159058,0.0,124.23387096774196,185.7150183053759,0.0,167.54199777345514
48,49,Lopeno 345,26.678,-99.103,1,345,SOUTH,Zapata,Land-Based Wind - Class 7,2.0,,,NG F-Frame CT,Good,NG H-Frame CC,Good,,,,,Nuclear - Small Modular Reactor,Good,Geothermal - NF EGS / Binary,H,Utility PV - Class 4,M,200,0,727,992,0,0,0,0,100,0.39361720000000006,1.0,1.0,1.0,1.0,1.0,1.0,1.0,0.29392088292806046,78.72344000000001,0.0,727.0,992.0,0.0,0.0,0.0,0.0,29.392088292806047,306.0652173913044,124.23387096774196,167.3892780583773,0.0,152.10721662951087
49,50,Crane 2 345,32.103,-101.365,1,345,FWEST,Howard,Land-Based Wind - Class 6,3.0,,,NG F-Frame CT,Good,,,,,,,,,,,Utility PV - Class 2,H,200,0,727,0,0,0,0,0,100,0.43355873250000004,1.0,1.0,1.0,1.0,1.0,1.0,1.0,0.32609927461590577,86.7117465,0.0,727.0,0.0,0.0,0.0,0.0,0.0,32.60992746159058,0.0,124.23387096774196,185.7150183053759,0.0,167.54199777345514
50,51,Brownsville 1 345,25.963,-97.55,0,345,SOUTH,Cameron,Land-Based Wind - Class 7,2.0,,,NG F-Frame CT,Good,NG H-Frame CC,Good,,Good,,,,,Geothermal - NF EGS / Binary,H,Utility PV - Class 4,M,200,0,727,992,0,0,0,0,100,0.39361720000000006,1.0,1.0,1.0,1.0,1.0,1.0,1.0,0.29392088292806046,78.72344000000001,0.0,727.0,992.0,0.0,0.0,0.0,0.0,29.392088292806047,306.0652173913044,124.23387096774196,167.3892780583773,0.0,152.10721662951087
51,52,San Antonio 14 345,29.305,-98.531,1,345,SCENT,Bexar,Land-Based Wind - Class 8,1.0,,,,,,,,,,,,,,,Utility PV - Class 2,H,200,0,0,0,0,0,0,0,100,0.3498823875,1.0,1.0,1.0,1.0,1.0,1.0,1.0,0.32609927461590577,69.9764775,0.0,0.0,0.0,0.0,0.0,0.0,0.0,32.60992746159058,0.0,0.0,185.7150183053759,0.0,135.2065816999688
52,53,Monahans 2 345,31.584,-102.963,1,345,FWEST,Ward,Land-Based Wind - Class 7,2.0,,,NG F-Frame CT,Good,,,,,,,,,,M,Utility PV - Class 2,H,200,0,727,0,0,0,0,0,100,0.39361720000000006,1.0,1.0,1.0,1.0,1.0,1.0,1.0,0.32609927461590577,78.72344000000001,0.0,727.0,0.0,0.0,0.0,0.0,0.0,32.60992746159058,0.0,124.23387096774196,185.7150183053759,0.0,152.10721662951087
53,54,Centerville 345,31.268,-95.841,1,345,EAST,Leon,Land-Based Wind - Class 8,1.0,,,NG F-Frame CT,Good,NG H-Frame CC,Good,,Good,,,Nuclear - Small Modular Reactor,Good,,,Utility PV - Class 2,H,200,0,727,992,0,0,0,0,100,0.3498823875,1.0,1.0,1.0,1.0,1.0,1.0,1.0,0.32609927461590577,69.9764775,0.0,727.0,992.0,0.0,0.0,0.0,0.0,32.60992746159058,306.0652173913044,124.23387096774196,185.7150183053759,0.0,135.2065816999688
54,55,Fort Worth 10 345,32.636,-97.503,1,345,NCENT,Tarrant,Land-Based Wind - Class 8,1.0,,,,,,,,,,,,,,,Utility PV - Class 2,H,200,0,0,0,0,0,0,0,100,0.3498823875,1.0,1.0,1.0,1.0,1.0,1.0,1.0,0.32609927461590577,69.9764775,0.0,0.0,0.0,0.0,0.0,0.0,0.0,32.60992746159058,0.0,0.0,185.7150183053759,0.0,135.2065816999688
55,56,Del Valle 345,30.151,-97.607,0,345,SCENT,Travis,Land-Based Wind - Class 8,1.0,,,,,,,,,,,,,,,Utility PV - Class 2,H,200,0,0,0,0,0,0,0,100,0.3498823875,1.0,1.0,1.0,1.0,1.0,1.0,1.0,0.32609927461590577,69.9764775,0.0,0.0,0.0,0.0,0.0,0.0,0.0,32.60992746159058,0.0,0.0,185.7150183053759,0.0,135.2065816999688
56,57,Texas City 2 345,29.378,-94.935,1,345,COAST,Galveston,Land-Based Wind - Class 7,2.0,,,NG F-Frame CT,RO,,RO,,,,,,,Geothermal - NF EGS / Binary,H,Utility PV - Class 4,M,200,0,727,0,0,0,0,0,100,0.39361720000000006,1.0,0.5,0.5,1.0,1.0,1.0,1.0,0.29392088292806046,78.72344000000001,0.0,363.5,0.0,0.0,0.0,0.0,0.0,29.392088292806047,0.0,62.11693548387098,167.3892780583773,0.0,152.10721662951087
57,58,Electra 345,33.963,-98.961,1,345,NORTH,Wilbarger,Land-Based Wind - Class 6,3.0,,,NG F-Frame CT,Avg.,NG H-Frame CC,Avg.,,,,,,,,,Utility PV - Class 2,H,200,0,727,992,0,0,0,0,100,0.43355873250000004,1.0,0.8,0.8,1.0,1.0,1.0,1.0,0.32609927461590577,86.7117465,0.0,581.6,793.6,0.0,0.0,0.0,0.0,32.60992746159058,244.85217391304352,99.38709677419357,185.7150183053759,0.0,167.54199777345514
58,59,Odessa 8 345,31.841,-102.323,1,345,FWEST,Ector,Land-Based Wind - Class 7,2.0,,,NG F-Frame CT,Good,,,,,,,,,,,Utility PV - Class 2,H,200,0,727,0,0,0,0,0,100,0.39361720000000006,1.0,1.0,1.0,1.0,1.0,1.0,1.0,0.32609927461590577,78.72344000000001,0.0,727.0,0.0,0.0,0.0,0.0,0.0,32.60992746159058,0.0,124.23387096774196,185.7150183053759,0.0,152.10721662951087
59,60,Weatherford 2 345,32.755,-97.791,0,345,NCENT,Parker,Land-Based Wind - Class 7,2.0,,,NG F-Frame CT,RO,,RO,,,,,,,,,Utility PV - Class 2,H,200,0,727,0,0,0,0,0,100,0.39361720000000006,1.0,0.5,0.5,1.0,1.0,1.0,1.0,0.32609927461590577,78.72344000000001,0.0,363.5,0.0,0.0,0.0,0.0,0.0,32.60992746159058,0.0,62.11693548387098,185.7150183053759,0.0,152.10721662951087
60,61,Burnet 345,30.801,-98.283,1,345,SCENT,Burnet,Land-Based Wind - Class 8,1.0,,,NG F-Frame CT,Avg.,NG H-Frame CC,Avg.,,,,,Nuclear - Small Modular Reactor,Good,,,Utility PV - Class 2,H,200,0,727,992,0,0,0,0,100,0.3498823875,1.0,0.8,0.8,1.0,1.0,1.0,1.0,0.32609927461590577,69.9764775,0.0,581.6,793.6,0.0,0.0,0.0,0.0,32.60992746159058,244.85217391304352,99.38709677419357,185.7150183053759,0.0,135.2065816999688
61,62,Feeeport 345,28.988,-95.383,1,345,COAST,Brazoria,Land-Based Wind - Class 7,2.0,,,NG F-Frame CT,RO,,RO,,,,,Nuclear - Small Modular Reactor,Good,Geothermal - NF EGS / Binary,H,Utility PV - Class 4,M,200,0,727,0,0,0,0,0,100,0.39361720000000006,1.0,0.5,0.5,1.0,1.0,1.0,1.0,0.29392088292806046,78.72344000000001,0.0,363.5,0.0,0.0,0.0,0.0,0.0,29.392088292806047,0.0,62.11693548387098,167.3892780583773,0.0,152.10721662951087
62,63,Waco 2 345,31.621,-97.099,1,345,NCENT,McLennan,Land-Based Wind - Class 8,1.0,,,NG F-Frame CT,Good,NG H-Frame CC,Good,,Good,,,Nuclear - Small Modular Reactor,Good,,,Utility PV - Class 2,H,200,0,727,992,0,0,0,0,100,0.3498823875,1.0,1.0,1.0,1.0,1.0,1.0,1.0,0.32609927461590577,69.9764775,0.0,727.0,992.0,0.0,0.0,0.0,0.0,32.60992746159058,306.0652173913044,124.23387096774196,185.7150183053759,0.0,135.2065816999688
63,64,San Antonio 33 345,29.697,-98.487,0,345,SCENT,Bexar,Land-Based Wind - Class 8,1.0,,,,,,,,,,,,,,,Utility PV - Class 2,H,200,0,0,0,0,0,0,0,100,0.3498823875,1.0,1.0,1.0,1.0,1.0,1.0,1.0,0.32609927461590577,69.9764775,0.0,0.0,0.0,0.0,0.0,0.0,0.0,32.60992746159058,0.0,0.0,185.7150183053759,0.0,135.2065816999688
64,65,Calliham 345,28.498,-98.369,1,345,SOUTH,McMullen,Land-Based Wind - Class 7,2.0,,,NG F-Frame CT,Good,NG H-Frame CC,Good,,,,,Nuclear - Small Modular Reactor,Good,,M,Utility PV - Class 2,H,200,0,727,992,0,0,0,0,100,0.39361720000000006,1.0,1.0,1.0,1.0,1.0,1.0,1.0,0.32609927461590577,78.72344000000001,0.0,727.0,992.0,0.0,0.0,0.0,0.0,32.60992746159058,306.0652173913044,124.23387096774196,185.7150183053759,0.0,152.10721662951087
65,66,Eden 345,31.223,-99.896,1,345,WEST,Concho,Land-Based Wind - Class 8,1.0,,,NG F-Frame CT,Avg.,NG H-Frame CC,Avg.,,,,,,,,,Utility PV - Class 2,H,200,0,727,992,0,0,0,0,100,0.3498823875,1.0,0.8,0.8,1.0,1.0,1.0,1.0,0.32609927461590577,69.9764775,0.0,581.6,793.6,0.0,0.0,0.0,0.0,32.60992746159058,244.85217391304352,99.38709677419357,185.7150183053759,0.0,135.2065816999688
66,67,Tomball 1 345,30.095,-95.586,0,345,COAST,Harris,Land-Based Wind - Class 8,1.0,,,,,,,,,,,,,,M,Utility PV - Class 4,M,200,0,0,0,0,0,0,0,100,0.3498823875,1.0,1.0,1.0,1.0,1.0,1.0,1.0,0.29392088292806046,69.9764775,0.0,0.0,0.0,0.0,0.0,0.0,0.0,29.392088292806047,0.0,0.0,167.3892780583773,0.0,135.2065816999688
67,68,Houston 46 345,29.707,-95.646,1,345,COAST,Harris,Land-Based Wind - Class 8,1.0,,,,,,,,,,,,,,M,Utility PV - Class 4,M,200,0,0,0,0,0,0,0,100,0.3498823875,1.0,1.0,1.0,1.0,1.0,1.0,1.0,0.29392088292806046,69.9764775,0.0,0.0,0.0,0.0,0.0,0.0,0.0,29.392088292806047,0.0,0.0,167.3892780583773,0.0,135.2065816999688
68,69,Houston 45 345,29.76,-95.611,0,345,COAST,Harris,Land-Based Wind - Class 8,1.0,,,,,,,,,,,,,,M,Utility PV - Class 4,M,200,0,0,0,0,0,0,0,100,0.3498823875,1.0,1.0,1.0,1.0,1.0,1.0,1.0,0.29392088292806046,69.9764775,0.0,0.0,0.0,0.0,0.0,0.0,0.0,29.392088292806047,0.0,0.0,167.3892780583773,0.0,135.2065816999688
69,70,Camp Wood 345,29.675,-100.079,1,345,WEST,Edwards,Land-Based Wind - Class 7,2.0,,,,,,,,,,,Nuclear - Small Modular Reactor,Good,,,Utility PV - Class 2,H,200,0,0,0,0,0,0,0,100,0.39361720000000006,1.0,1.0,1.0,1.0,1.0,1.0,1.0,0.32609927461590577,78.72344000000001,0.0,0.0,0.0,0.0,0.0,0.0,0.0,32.60992746159058,0.0,0.0,185.7150183053759,0.0,152.10721662951087
70,71,Sarita 1 345,27.056,-97.558,1,345,SOUTH,Kenedy,Land-Based Wind - Class 7,2.0,,,NG F-Frame CT,Avg.,,,,,,,,,Geothermal - NF EGS / Binary,H,Utility PV - Class 4,M,200,0,727,0,0,0,0,0,100,0.39361720000000006,1.0,0.8,1.0,1.0,1.0,1.0,1.0,0.29392088292806046,78.72344000000001,0.0,581.6,0.0,0.0,0.0,0.0,0.0,29.392088292806047,0.0,99.38709677419357,167.3892780583773,0.0,152.10721662951087
71,72,Brownsville 2 345,25.944,-97.318,0,345,SOUTH,Cameron,Land-Based Wind - Class 7,2.0,,,NG F-Frame CT,Good,NG H-Frame CC,Good,,Good,,,,,Geothermal - NF EGS / Binary,H,Utility PV - Class 4,M,200,0,727,992,0,0,0,0,100,0.39361720000000006,1.0,1.0,1.0,1.0,1.0,1.0,1.0,0.29392088292806046,78.72344000000001,0.0,727.0,992.0,0.0,0.0,0.0,0.0,29.392088292806047,306.0652173913044,124.23387096774196,167.3892780583773,0.0,152.10721662951087
72,73,Laredo 5 345,27.834,-99.685,0,345,SOUTH,Webb,Land-Based Wind - Class 7,2.0,,,NG F-Frame CT,Good,,,,,,,,,,M,Utility PV - Class 2,H,200,0,727,0,0,0,0,0,100,0.39361720000000006,1.0,1.0,1.0,1.0,1.0,1.0,1.0,0.32609927461590577,78.72344000000001,0.0,727.0,0.0,0.0,0.0,0.0,0.0,32.60992746159058,0.0,124.23387096774196,185.7150183053759,0.0,152.10721662951087
73,74,Snyder 2 345,32.664,-100.781,1,345,WEST,Scurry,Land-Based Wind - Class 6,3.0,,,NG F-Frame CT,Good,NG H-Frame CC,Good,,Good,,,,,,,Utility PV - Class 2,H,200,0,727,992,0,0,0,0,100,0.43355873250000004,1.0,1.0,1.0,1.0,1.0,1.0,1.0,0.32609927461590577,86.7117465,0.0,727.0,992.0,0.0,0.0,0.0,0.0,32.60992746159058,306.0652173913044,124.23387096774196,185.7150183053759,0.0,167.54199777345514
74,75,Panhandle 3 345,35.434,-101.307,1,345,NORTH,Carson,,,,,,,,,,,,,,,,,,,0,0,0,0,0,0,0,0,0,1.0,1.0,1.0,1.0,1.0,1.0,1.0,1.0,1.0,0.0,0.0,0.0,0.0,0.0,0.0,0.0,0.0,0.0,0.0,0.0,0.0,0.0,0.0
75,76,Allen 1 345,33.09,-96.608,1,345,NCENT,Collin,Land-Based Wind - Class 8,1.0,,,NG F-Frame CT,RO,,RO,,,,,Nuclear - Small Modular Reactor,Good,,,Utility PV - Class 2,H,200,0,727,0,0,0,0,0,100,0.3498823875,1.0,0.5,0.5,1.0,1.0,1.0,1.0,0.32609927461590577,69.9764775,0.0,363.5,0.0,0.0,0.0,0.0,0.0,32.60992746159058,0.0,62.11693548387098,185.7150183053759,0.0,135.2065816999688
76,77,Castell 345,30.654,-98.918,1,345,WEST,Llano,Land-Based Wind - Class 8,1.0,,,,,,,,,,,,,,,Utility PV - Class 2,H,200,0,0,0,0,0,0,0,100,0.3498823875,1.0,1.0,1.0,1.0,1.0,1.0,1.0,0.32609927461590577,69.9764775,0.0,0.0,0.0,0.0,0.0,0.0,0.0,32.60992746159058,0.0,0.0,185.7150183053759,0.0,135.2065816999688
77,78,Mexia 345,31.655,-96.468,1,345,NCENT,Limestone,Land-Based Wind - Class 8,1.0,,,NG F-Frame CT,Good,NG H-Frame CC,Good,,Good,,,,,,,Utility PV - Class 2,H,200,0,727,992,0,0,0,0,100,0.3498823875,1.0,1.0,1.0,1.0,1.0,1.0,1.0,0.32609927461590577,69.9764775,0.0,727.0,992.0,0.0,0.0,0.0,0.0,32.60992746159058,306.0652173913044,124.23387096774196,185.7150183053759,0.0,135.2065816999688
78,79,Bastrop 2 345,30.147,-97.271,1,345,SCENT,Bastrop,Land-Based Wind - Class 8,1.0,,,NG F-Frame CT,Good,NG H-Frame CC,Good,,Good,,,,,,,Utility PV - Class 2,H,200,0,727,992,0,0,0,0,100,0.3498823875,1.0,1.0,1.0,1.0,1.0,1.0,1.0,0.32609927461590577,69.9764775,0.0,727.0,992.0,0.0,0.0,0.0,0.0,32.60992746159058,306.0652173913044,124.23387096774196,185.7150183053759,0.0,135.2065816999688
79,80,Bayside 1 345,28.121,-97.197,1,345,SOUTH,Refugio,Land-Based Wind - Class 7,2.0,,,NG F-Frame CT,Good,,,,,,,,,,M,Utility PV - Class 4,M,200,0,727,0,0,0,0,0,100,0.39361720000000006,1.0,1.0,1.0,1.0,1.0,1.0,1.0,0.29392088292806046,78.72344000000001,0.0,727.0,0.0,0.0,0.0,0.0,0.0,29.392088292806047,0.0,124.23387096774196,167.3892780583773,0.0,152.10721662951087
80,81,Tyler 8 345,32.304,-95.391,1,345,EAST,Smith,Land-Based Wind - Class 8,1.0,,,NG F-Frame CT,Good,NG H-Frame CC,Good,,Good,,,Nuclear - Small Modular Reactor,Good,,M,Utility PV - Class 2,H,200,0,727,992,0,0,0,0,100,0.3498823875,1.0,1.0,1.0,1.0,1.0,1.0,1.0,0.32609927461590577,69.9764775,0.0,727.0,992.0,0.0,0.0,0.0,0.0,32.60992746159058,306.0652173913044,124.23387096774196,185.7150183053759,0.0,135.2065816999688
81,82,Blue Ridge 345,33.322,-96.378,1,345,NCENT,Collin,Land-Based Wind - Class 8,1.0,,,NG F-Frame CT,RO,,RO,,,,,Nuclear - Small Modular Reactor,Good,,,Utility PV - Class 2,H,200,0,727,0,0,0,0,0,100,0.3498823875,1.0,0.5,0.5,1.0,1.0,1.0,1.0,0.32609927461590577,69.9764775,0.0,363.5,0.0,0.0,0.0,0.0,0.0,32.60992746159058,0.0,62.11693548387098,185.7150183053759,0.0,135.2065816999688
82,83,San Antonio 2 345,29.408,-98.464,1,345,SCENT,Bexar,Land-Based Wind - Class 8,1.0,,,,,,,,,,,,,,,Utility PV - Class 2,H,200,0,0,0,0,0,0,0,100,0.3498823875,1.0,1.0,1.0,1.0,1.0,1.0,1.0,0.32609927461590577,69.9764775,0.0,0.0,0.0,0.0,0.0,0.0,0.0,32.60992746159058,0.0,0.0,185.7150183053759,0.0,135.2065816999688
83,84,Houston 12 345,29.797,-95.509,0,345,COAST,Harris,Land-Based Wind - Class 8,1.0,,,,,,,,,,,,,,M,Utility PV - Class 4,M,200,0,0,0,0,0,0,0,100,0.3498823875,1.0,1.0,1.0,1.0,1.0,1.0,1.0,0.29392088292806046,69.9764775,0.0,0.0,0.0,0.0,0.0,0.0,0.0,29.392088292806047,0.0,0.0,167.3892780583773,0.0,135.2065816999688
84,85,San Perlita 345,26.385,-97.648,1,345,SOUTH,Willacy,Land-Based Wind - Class 7,2.0,,,NG F-Frame CT,Good,,,,,,,,,Geothermal - NF EGS / Binary,H,Utility PV - Class 4,M,200,0,727,0,0,0,0,0,100,0.39361720000000006,1.0,1.0,1.0,1.0,1.0,1.0,1.0,0.29392088292806046,78.72344000000001,0.0,727.0,0.0,0.0,0.0,0.0,0.0,29.392088292806047,0.0,124.23387096774196,167.3892780583773,0.0,152.10721662951087
85,86,Houston 48 345,29.587,-95.226,1,345,COAST,Harris,Land-Based Wind - Class 8,1.0,,,,,,,,,,,,,,M,Utility PV - Class 4,M,200,0,0,0,0,0,0,0,100,0.3498823875,1.0,1.0,1.0,1.0,1.0,1.0,1.0,0.29392088292806046,69.9764775,0.0,0.0,0.0,0.0,0.0,0.0,0.0,29.392088292806047,0.0,0.0,167.3892780583773,0.0,135.2065816999688
86,87,Throckmorton 345,33.188,-99.265,1,345,NCENT,Throckmorton,Land-Based Wind - Class 6,3.0,,,,,,,,,,,Nuclear - Small Modular Reactor,Good,,,Utility PV - Class 2,H,200,0,0,0,0,0,0,0,100,0.43355873250000004,1.0,1.0,1.0,1.0,1.0,1.0,1.0,0.32609927461590577,86.7117465,0.0,0.0,0.0,0.0,0.0,0.0,0.0,32.60992746159058,0.0,0.0,185.7150183053759,0.0,167.54199777345514
87,88,San Antonio 29 345,29.642,-98.644,1,345,SCENT,Bexar,Land-Based Wind - Class 8,1.0,,,,,,,,,,,,,,,Utility PV - Class 2,H,200,0,0,0,0,0,0,0,100,0.3498823875,1.0,1.0,1.0,1.0,1.0,1.0,1.0,0.32609927461590577,69.9764775,0.0,0.0,0.0,0.0,0.0,0.0,0.0,32.60992746159058,0.0,0.0,185.7150183053759,0.0,135.2065816999688
88,89,Houston 11 345,29.847,-95.381,1,345,COAST,Harris,Land-Based Wind - Class 8,1.0,,,,,,,,,,,,,,M,Utility PV - Class 4,M,200,0,0,0,0,0,0,0,100,0.3498823875,1.0,1.0,1.0,1.0,1.0,1.0,1.0,0.29392088292806046,69.9764775,0.0,0.0,0.0,0.0,0.0,0.0,0.0,29.392088292806047,0.0,0.0,167.3892780583773,0.0,135.2065816999688
89,90,East Bernard 1 345,29.516,-96.12,1,345,COAST,Wharton,Land-Based Wind - Class 8,1.0,,,NG F-Frame CT,Good,NG H-Frame CC,Good,,Good,Biopower - Dedicated,Good,Nuclear - Small Modular Reactor,Good,,M,Utility PV - Class 4,M,200,0,727,992,0,0,0,0,100,0.3498823875,1.0,1.0,1.0,1.0,1.0,1.0,1.0,0.29392088292806046,69.9764775,0.0,727.0,992.0,0.0,0.0,0.0,0.0,29.392088292806047,306.0652173913044,124.23387096774196,167.3892780583773,0.0,135.2065816999688
90,91,Meyersville 345,28.892,-97.31,1,345,SCENT,DeWitt,Land-Based Wind - Class 8,1.0,,,NG F-Frame CT,Good,NG H-Frame CC,Good,,,,,,,Geothermal - NF EGS / Binary,H,Utility PV - Class 2,H,200,0,727,992,0,0,0,0,100,0.3498823875,1.0,1.0,1.0,1.0,1.0,1.0,1.0,0.32609927461590577,69.9764775,0.0,727.0,992.0,0.0,0.0,0.0,0.0,32.60992746159058,306.0652173913044,124.23387096774196,185.7150183053759,0.0,135.2065816999688
91,92,Conroe 7 345,30.188,-95.416,1,345,COAST,Montgomery,Land-Based Wind - Class 8,1.0,,,NG F-Frame CT,RO,,RO,,,Biopower - Dedicated,Good,Nuclear - Small Modular Reactor,Good,Geothermal - NF EGS / Binary,H,Utility PV - Class 4,M,200,0,727,0,0,0,0,0,100,0.3498823875,1.0,0.5,0.5,1.0,1.0,1.0,1.0,0.29392088292806046,69.9764775,0.0,363.5,0.0,0.0,0.0,0.0,0.0,29.392088292806047,0.0,62.11693548387098,167.3892780583773,0.0,135.2065816999688
92,93,Loving 345,33.31,-98.5,1,345,NCENT,Young,Land-Based Wind - Class 7,2.0,,,NG F-Frame CT,Avg.,NG H-Frame CC,Avg.,,,,,Nuclear - Small Modular Reactor,Good,,,Utility PV - Class 2,H,200,0,727,992,0,0,0,0,100,0.39361720000000006,1.0,0.8,0.8,1.0,1.0,1.0,1.0,0.32609927461590577,78.72344000000001,0.0,581.6,793.6,0.0,0.0,0.0,0.0,32.60992746159058,244.85217391304352,99.38709677419357,185.7150183053759,0.0,152.10721662951087
93,94,Merkel 2 345,32.257,-100.08,1,345,WEST,Taylor,Land-Based Wind - Class 6,3.0,,,NG F-Frame CT,Good,,,,,,,,,,,Utility PV - Class 2,H,200,0,727,0,0,0,0,0,100,0.43355873250000004,1.0,1.0,1.0,1.0,1.0,1.0,1.0,0.32609927461590577,86.7117465,0.0,727.0,0.0,0.0,0.0,0.0,0.0,32.60992746159058,0.0,124.23387096774196,185.7150183053759,0.0,167.54199777345514
94,95,Montgomery 2 345,30.466,-95.73,0,345,COAST,Montgomery,Land-Based Wind - Class 8,1.0,,,NG F-Frame CT,RO,,RO,,,Biopower - Dedicated,Good,Nuclear - Small Modular Reactor,Good,Geothermal - NF EGS / Binary,H,Utility PV - Class 4,M,200,0,727,0,0,0,0,0,100,0.3498823875,1.0,0.5,0.5,1.0,1.0,1.0,1.0,0.29392088292806046,69.9764775,0.0,363.5,0.0,0.0,0.0,0.0,0.0,29.392088292806047,0.0,62.11693548387098,167.3892780583773,0.0,135.2065816999688
95,96,Houston 20 345,29.664,-95.477,0,345,COAST,Harris,Land-Based Wind - Class 8,1.0,,,,,,,,,,,,,,M,Utility PV - Class 4,M,200,0,0,0,0,0,0,0,100,0.3498823875,1.0,1.0,1.0,1.0,1.0,1.0,1.0,0.29392088292806046,69.9764775,0.0,0.0,0.0,0.0,0.0,0.0,0.0,29.392088292806047,0.0,0.0,167.3892780583773,0.0,135.2065816999688
96,97,Fort Worth 12 345,32.639,-97.335,0,345,NCENT,Tarrant,Land-Based Wind - Class 8,1.0,,,,,,,,,,,,,,,Utility PV - Class 2,H,200,0,0,0,0,0,0,0,100,0.3498823875,1.0,1.0,1.0,1.0,1.0,1.0,1.0,0.32609927461590577,69.9764775,0.0,0.0,0.0,0.0,0.0,0.0,0.0,32.60992746159058,0.0,0.0,185.7150183053759,0.0,135.2065816999688
97,98,Alto 345,31.613,-95.062,1,345,EAST,Cherokee,Land-Based Wind - Class 8,1.0,,,NG F-Frame CT,Good,NG H-Frame CC,Good,,Good,Biopower - Dedicated,Good,Nuclear - Small Modular Reactor,Good,Geothermal - NF EGS / Binary,H,Utility PV - Class 2,H,200,0,727,992,0,0,0,0,100,0.3498823875,1.0,1.0,1.0,1.0,1.0,1.0,1.0,0.32609927461590577,69.9764775,0.0,727.0,992.0,0.0,0.0,0.0,0.0,32.60992746159058,306.0652173913044,124.23387096774196,185.7150183053759,0.0,135.2065816999688
98,99,Reagan 345,31.202,-96.814,1,345,NCENT,Falls,Land-Based Wind - Class 8,1.0,,,NG F-Frame CT,Good,NG H-Frame CC,Good,,,,,,,,,Utility PV - Class 2,H,200,0,727,992,0,0,0,0,100,0.3498823875,1.0,1.0,1.0,1.0,1.0,1.0,1.0,0.32609927461590577,69.9764775,0.0,727.0,992.0,0.0,0.0,0.0,0.0,32.60992746159058,306.0652173913044,124.23387096774196,185.7150183053759,0.0,135.2065816999688
99,100,Pasadena 4 345,29.717,-95.049,1,345,COAST,Harris,Land-Based Wind - Class 8,1.0,,,,,,,,,,,,,,M,Utility PV - Class 4,M,200,0,0,0,0,0,0,0,100,0.3498823875,1.0,1.0,1.0,1.0,1.0,1.0,1.0,0.29392088292806046,69.9764775,0.0,0.0,0.0,0.0,0.0,0.0,0.0,29.392088292806047,0.0,0.0,167.3892780583773,0.0,135.2065816999688
100,101,Coppell 345,32.943,-96.985,1,345,NCENT,Dallas,Land-Based Wind - Class 8,1.0,,,,,,,,,,,,,,M,Utility PV - Class 2,H,200,0,0,0,0,0,0,0,100,0.3498823875,1.0,1.0,1.0,1.0,1.0,1.0,1.0,0.32609927461590577,69.9764775,0.0,0.0,0.0,0.0,0.0,0.0,0.0,32.60992746159058,0.0,0.0,185.7150183053759,0.0,135.2065816999688
101,102,Weatherford 4 345,32.848,-97.903,1,345,NCENT,Parker,Land-Based Wind - Class 7,2.0,,,NG F-Frame CT,RO,,RO,,,,,,,,,Utility PV - Class 2,H,200,0,727,0,0,0,0,0,100,0.39361720000000006,1.0,0.5,0.5,1.0,1.0,1.0,1.0,0.32609927461590577,78.72344000000001,0.0,363.5,0.0,0.0,0.0,0.0,0.0,32.60992746159058,0.0,62.11693548387098,185.7150183053759,0.0,152.10721662951087
102,103,Los Fresnos 1 345,26.148,-97.37,0,345,SOUTH,Cameron,Land-Based Wind - Class 7,2.0,,,NG F-Frame CT,Good,NG H-Frame CC,Good,,Good,,,,,Geothermal - NF EGS / Binary,H,Utility PV - Class 4,M,200,0,727,992,0,0,0,0,100,0.39361720000000006,1.0,1.0,1.0,1.0,1.0,1.0,1.0,0.29392088292806046,78.72344000000001,0.0,727.0,992.0,0.0,0.0,0.0,0.0,29.392088292806047,306.0652173913044,124.23387096774196,167.3892780583773,0.0,152.10721662951087
103,104,North Richland Hills 1 345,32.883,-97.181,0,345,NCENT,Tarrant,Land-Based Wind - Class 8,1.0,,,,,,,,,,,,,,,Utility PV - Class 2,H,200,0,0,0,0,0,0,0,100,0.3498823875,1.0,1.0,1.0,1.0,1.0,1.0,1.0,0.32609927461590577,69.9764775,0.0,0.0,0.0,0.0,0.0,0.0,0.0,32.60992746159058,0.0,0.0,185.7150183053759,0.0,135.2065816999688
104,105,Spring 3 345,30.13,-95.492,0,345,COAST,Montgomery,Land-Based Wind - Class 8,1.0,,,NG F-Frame CT,RO,,RO,,,Biopower - Dedicated,Good,Nuclear - Small Modular Reactor,Good,Geothermal - NF EGS / Binary,H,Utility PV - Class 4,M,200,0,727,0,0,0,0,0,100,0.3498823875,1.0,0.5,0.5,1.0,1.0,1.0,1.0,0.29392088292806046,69.9764775,0.0,363.5,0.0,0.0,0.0,0.0,0.0,29.392088292806047,0.0,62.11693548387098,167.3892780583773,0.0,135.2065816999688
105,106,New Caney 345,30.161,-95.19,1,345,COAST,Montgomery,Land-Based Wind - Class 8,1.0,,,NG F-Frame CT,RO,,RO,,,Biopower - Dedicated,Good,Nuclear - Small Modular Reactor,Good,Geothermal - NF EGS / Binary,H,Utility PV - Class 4,M,200,0,727,0,0,0,0,0,100,0.3498823875,1.0,0.5,0.5,1.0,1.0,1.0,1.0,0.29392088292806046,69.9764775,0.0,363.5,0.0,0.0,0.0,0.0,0.0,29.392088292806047,0.0,62.11693548387098,167.3892780583773,0.0,135.2065816999688
106,107,Glen Rose 2 345,32.298,-97.786,1,345,NCENT,Somervell,Land-Based Wind - Class 8,1.0,,,NG F-Frame CT,Avg.,NG H-Frame CC,Avg.,,,,,,,,,Utility PV - Class 2,H,200,0,727,992,0,0,0,0,100,0.3498823875,1.0,0.8,0.8,1.0,1.0,1.0,1.0,0.32609927461590577,69.9764775,0.0,581.6,793.6,0.0,0.0,0.0,0.0,32.60992746159058,244.85217391304352,99.38709677419357,185.7150183053759,0.0,135.2065816999688
107,108,Austin 27 345,30.356,-97.645,1,345,SCENT,Travis,Land-Based Wind - Class 8,1.0,,,,,,,,,,,,,,,Utility PV - Class 2,H,200,0,0,0,0,0,0,0,100,0.3498823875,1.0,1.0,1.0,1.0,1.0,1.0,1.0,0.32609927461590577,69.9764775,0.0,0.0,0.0,0.0,0.0,0.0,0.0,32.60992746159058,0.0,0.0,185.7150183053759,0.0,135.2065816999688
108,109,Dallas 3 345,32.751,-96.827,0,345,NCENT,Dallas,Land-Based Wind - Class 8,1.0,,,,,,,,,,,,,,M,Utility PV - Class 2,H,200,0,0,0,0,0,0,0,100,0.3498823875,1.0,1.0,1.0,1.0,1.0,1.0,1.0,0.32609927461590577,69.9764775,0.0,0.0,0.0,0.0,0.0,0.0,0.0,32.60992746159058,0.0,0.0,185.7150183053759,0.0,135.2065816999688
109,110,Bryan 5 345,30.697,-96.432,1,345,EAST,Brazos,Land-Based Wind - Class 8,1.0,,,NG F-Frame CT,Good,NG H-Frame CC,Good,,Good,,,Nuclear - Small Modular Reactor,Good,,,Utility PV - Class 2,H,200,0,727,992,0,0,0,0,100,0.3498823875,1.0,1.0,1.0,1.0,1.0,1.0,1.0,0.32609927461590577,69.9764775,0.0,727.0,992.0,0.0,0.0,0.0,0.0,32.60992746159058,306.0652173913044,124.23387096774196,185.7150183053759,0.0,135.2065816999688
110,111,Wadsworth 2 345,28.795,-96.048,1,345,COAST,Matagorda,Land-Based Wind - Class 7,2.0,,,NG F-Frame CT,Good,NG H-Frame CC,Good,,Good,,,Nuclear - Small Modular Reactor,Good,Geothermal - NF EGS / Binary,H,Utility PV - Class 4,M,200,0,727,992,0,0,0,0,100,0.39361720000000006,1.0,1.0,1.0,1.0,1.0,1.0,1.0,0.29392088292806046,78.72344000000001,0.0,727.0,992.0,0.0,0.0,0.0,0.0,29.392088292806047,306.0652173913044,124.23387096774196,167.3892780583773,0.0,152.10721662951087
111,112,Edinburg 1 345,26.281,-98.183,1,345,SOUTH,Hidalgo,Land-Based Wind - Class 7,2.0,,,NG F-Frame CT,Good,NG H-Frame CC,Good,,Good,Biopower - Dedicated,Good,,,Geothermal - NF EGS / Binary,H,Utility PV - Class 4,M,200,0,727,992,0,0,0,0,100,0.39361720000000006,1.0,1.0,1.0,1.0,1.0,1.0,1.0,0.29392088292806046,78.72344000000001,0.0,727.0,992.0,0.0,0.0,0.0,0.0,29.392088292806047,306.0652173913044,124.23387096774196,167.3892780583773,0.0,152.10721662951087
112,113,Agua Dulce 345,27.743,-97.916,1,345,SOUTH,Nueces,Land-Based Wind - Class 7,2.0,,,NG F-Frame CT,Good,NG H-Frame CC,Good,,Good,Biopower - Dedicated,Good,,,Geothermal - NF EGS / Binary,H,Utility PV - Class 4,M,200,0,727,992,0,0,0,0,100,0.39361720000000006,1.0,1.0,1.0,1.0,1.0,1.0,1.0,0.29392088292806046,78.72344000000001,0.0,727.0,992.0,0.0,0.0,0.0,0.0,29.392088292806047,306.0652173913044,124.23387096774196,167.3892780583773,0.0,152.10721662951087
113,114,Plano 2 345,33.052,-96.808,0,345,NCENT,Collin,Land-Based Wind - Class 8,1.0,,,NG F-Frame CT,RO,,RO,,,,,Nuclear - Small Modular Reactor,Good,,,Utility PV - Class 2,H,200,0,727,0,0,0,0,0,100,0.3498823875,1.0,0.5,0.5,1.0,1.0,1.0,1.0,0.32609927461590577,69.9764775,0.0,363.5,0.0,0.0,0.0,0.0,0.0,32.60992746159058,0.0,62.11693548387098,185.7150183053759,0.0,135.2065816999688
114,115,Frost 345,32.039,-96.808,1,345,NCENT,Navarro,Land-Based Wind - Class 8,1.0,,,NG F-Frame CT,Good,NG H-Frame CC,Good,,Good,,,Nuclear - Small Modular Reactor,Good,,M,Utility PV - Class 2,H,200,0,727,992,0,0,0,0,100,0.3498823875,1.0,1.0,1.0,1.0,1.0,1.0,1.0,0.32609927461590577,69.9764775,0.0,727.0,992.0,0.0,0.0,0.0,0.0,32.60992746159058,306.0652173913044,124.23387096774196,185.7150183053759,0.0,135.2065816999688
115,116,Katy 2 345,29.746,-95.742,0,345,COAST,Harris,Land-Based Wind - Class 8,1.0,,,,,,,,,,,,,,M,Utility PV - Class 4,M,200,0,0,0,0,0,0,0,100,0.3498823875,1.0,1.0,1.0,1.0,1.0,1.0,1.0,0.29392088292806046,69.9764775,0.0,0.0,0.0,0.0,0.0,0.0,0.0,29.392088292806047,0.0,0.0,167.3892780583773,0.0,135.2065816999688
116,117,Kennedale 2 345,32.504,-97.188,1,345,NCENT,Johnson,Land-Based Wind - Class 8,1.0,,,NG F-Frame CT,RO,,RO,,,,,,,,,Utility PV - Class 2,H,200,0,727,0,0,0,0,0,100,0.3498823875,1.0,0.5,0.5,1.0,1.0,1.0,1.0,0.32609927461590577,69.9764775,0.0,363.5,0.0,0.0,0.0,0.0,0.0,32.60992746159058,0.0,62.11693548387098,185.7150183053759,0.0,135.2065816999688
117,118,Mission 3 345,26.319,-98.37,1,345,SOUTH,Hidalgo,Land-Based Wind - Class 7,2.0,,,NG F-Frame CT,Good,NG H-Frame CC,Good,,Good,Biopower - Dedicated,Good,,,Geothermal - NF EGS / Binary,H,Utility PV - Class 4,M,200,0,727,992,0,0,0,0,100,0.39361720000000006,1.0,1.0,1.0,1.0,1.0,1.0,1.0,0.29392088292806046,78.72344000000001,0.0,727.0,992.0,0.0,0.0,0.0,0.0,29.392088292806047,306.0652173913044,124.23387096774196,167.3892780583773,0.0,152.10721662951087
118,119,Trent 2 345,32.34,-100.381,1,345,WEST,Nolan,Land-Based Wind - Class 6,3.0,,,NG F-Frame CT,Good,,,,,,,,,,,Utility PV - Class 2,H,200,0,727,0,0,0,0,0,100,0.43355873250000004,1.0,1.0,1.0,1.0,1.0,1.0,1.0,0.32609927461590577,86.7117465,0.0,727.0,0.0,0.0,0.0,0.0,0.0,32.60992746159058,0.0,124.23387096774196,185.7150183053759,0.0,167.54199777345514
119,120,Knox City 345,33.432,-99.854,1,345,NORTH,Knox,Land-Based Wind - Class 6,3.0,,,NG F-Frame CT,Avg.,NG H-Frame CC,Avg.,,Good,,,Nuclear - Small Modular Reactor,Good,,,Utility PV - Class 2,H,200,0,727,992,0,0,0,0,100,0.43355873250000004,1.0,0.8,0.8,1.0,1.0,1.0,1.0,0.32609927461590577,86.7117465,0.0,581.6,793.6,0.0,0.0,0.0,0.0,32.60992746159058,244.85217391304352,99.38709677419357,185.7150183053759,0.0,167.54199777345514
120,121,Tell 345,34.398,-100.473,0,345,NORTH,Hall,Land-Based Wind - Class 5,4.0,,,,,,,,Good,,,,,,,Utility PV - Class 2,H,0,0,0,0,0,0,0,0,100,1.0,1.0,1.0,1.0,1.0,1.0,1.0,1.0,0.32609927461590577,0.0,0.0,0.0,0.0,0.0,0.0,0.0,0.0,32.60992746159058,0.0,0.0,185.7150183053759,0.0,0.0
121,122,Whitesboro 345,33.744,-96.936,0,345,NORTH,Grayson,Land-Based Wind - Class 8,1.0,,,NG F-Frame CT,Good,NG H-Frame CC,Good,,Good,,,Nuclear - Small Modular Reactor,Good,,,Utility PV - Class 2,H,200,0,727,992,0,0,0,0,100,0.3498823875,1.0,1.0,1.0,1.0,1.0,1.0,1.0,0.32609927461590577,69.9764775,0.0,727.0,992.0,0.0,0.0,0.0,0.0,32.60992746159058,306.0652173913044,124.23387096774196,185.7150183053759,0.0,135.2065816999688
122,123,Mount Enterprise 345,31.925,-94.704,0,345,EAST,Rusk,Land-Based Wind - Class 8,1.0,,,NG F-Frame CT,Good,NG H-Frame CC,Good,,Good,Biopower - Dedicated,Good,Nuclear - Small Modular Reactor,Good,Geothermal - NF EGS / Binary,H,Utility PV - Class 2,H,200,0,727,992,0,0,0,0,100,0.3498823875,1.0,1.0,1.0,1.0,1.0,1.0,1.0,0.32609927461590577,69.9764775,0.0,727.0,992.0,0.0,0.0,0.0,0.0,32.60992746159058,306.0652173913044,124.23387096774196,185.7150183053759,0.0,135.2065816999688
