,bus_num,fips_code
0,1001,48135
1,1002,48377
2,1003,48033
3,1004,48033
4,1005,48227
5,1006,48227
6,1007,48109
7,1008,48371
8,1009,48371
9,1010,48377
10,1011,48377
11,1012,48443
12,1013,48493
13,1014,48389
14,1015,48243
15,1016,48383
16,1017,48135
17,1018,48135
18,1019,48329
19,1020,48227
20,1021,48227
21,1022,48033
22,1023,48033
23,1024,48135
24,1025,48227
25,1026,48227
26,1027,48329
27,1028,48227
28,1029,48329
29,1030,48467
30,1031,48243
31,1032,48379
32,1033,48379
33,1034,48227
34,1035,48227
35,1036,48103
36,1037,48135
37,1038,48371
38,1039,48371
39,1040,48003
40,1041,48227
41,1042,48227
42,1044,48089
43,1045,48329
44,1046,48105
45,1047,48475
46,1048,48475
47,1049,48475
48,1050,48475
49,1051,48475
50,1052,48475
51,1053,48475
52,1054,48329
53,1055,48033
54,1056,48317
55,1057,48317
56,1058,48371
57,1061,48227
58,1062,48227
59,1063,48227
60,1064,48135
61,1065,48227
62,1066,48227
63,1067,48227
64,1068,48329
65,1069,48371
66,1070,48371
67,1071,48135
68,1072,48135
69,1073,48135
70,1074,48135
71,1075,48135
72,1076,48135
73,1077,48135
74,1079,48135
75,1081,48135
76,1082,48371
77,1083,48371
78,1084,48227
79,1085,48495
80,1086,48389
81,1087,48105
82,1088,48499
83,1089,48115
84,1090,48135
85,1091,48499
86,1093,48411
87,1094,48053
88,1095,48409
89,1096,48409
90,1097,48409
91,1099,48409
92,1100,48409
93,1101,48409
94,1102,48409
95,1103,48411
96,1104,48053
97,1105,48411
98,1106,48053
99,1107,48411
100,1108,48053
101,1109,48411
102,1110,48053
103,1111,48411
104,1112,48053
105,1113,48411
106,1114,48053
107,1115,48409
108,1116,48409
109,1117,48409
110,1118,48409
111,1119,48409
112,1120,48409
113,1121,48409
114,1122,48409
115,1123,48409
116,1124,48409
117,1125,48409
118,1126,48409
119,1127,48409
120,1128,48409
121,1129,48409
122,1130,48409
123,1131,48409
124,1132,48409
125,1133,48409
126,1134,48409
127,2001,48277
128,2002,48147
129,2003,48147
130,2007,48147
131,2008,48249
132,2009,48485
133,2010,48487
134,2011,48065
135,2012,48375
136,2013,48065
137,2014,48075
138,2015,48171
139,2016,48181
140,2017,48065
141,2018,48375
142,2019,48065
143,2020,48485
144,2021,48277
145,2022,48277
146,2023,48277
147,2024,48277
148,2025,48485
149,2026,48483
150,2027,48387
151,2028,48077
152,2029,48045
153,2030,48147
154,2031,48345
155,2032,48319
156,2033,48231
157,2034,48181
158,2035,48275
159,2036,48485
160,2037,48097
161,2038,48147
162,2039,48337
163,2040,48387
164,2041,48065
165,2042,48375
166,2043,48181
167,2044,48097
168,2045,48485
169,2046,0
170,2047,48181
171,2048,48107
172,2049,48439
173,2050,48277
174,2051,48077
175,2052,48065
176,2053,48061
177,2054,48485
178,2055,48485
179,2058,48065
180,2060,48277
181,2061,48487
182,2062,48159
183,2063,48181
184,2064,48277
185,2065,48097
186,2066,48433
187,2067,48485
188,2068,48009
189,2069,48181
190,2070,48499
191,2071,48379
192,2072,48097
193,2073,48169
194,2074,48169
195,2076,48169
196,2077,48097
197,2078,48097
198,2079,48101
199,2080,48337
200,2081,48427
201,2082,48009
202,2083,48485
203,2084,48009
204,2085,48009
205,2086,48161
206,2087,48125
207,2088,48379
208,2089,48379
209,2090,48085
210,2091,48023
211,2092,48181
212,2093,48065
213,2096,48107
214,2097,48107
215,2098,48107
216,2099,48107
217,2101,48181
218,2102,48181
219,2103,48181
220,2104,48181
221,2105,48181
222,2106,48181
223,2107,48181
224,2108,48005
225,2109,48485
226,2110,48097
227,2111,48383
228,2112,48077
229,2113,48277
230,2114,48277
231,2115,48277
232,2116,48277
233,2117,48277
234,2118,48277
235,2119,48277
236,2120,48277
237,2121,48387
238,2122,48147
239,2123,48375
240,2124,48181
241,2125,48181
242,2126,48097
243,2127,48393
244,2128,48393
245,2129,48147
246,2130,48207
247,2131,48207
248,2133,48363
249,3001,48265
250,3002,48265
251,3003,48441
252,3004,48353
253,3005,48385
254,3006,48253
255,3007,48441
256,3008,48083
257,3009,48435
258,3010,48463
259,3011,48299
260,3012,48171
261,3013,48441
262,3014,48053
263,3015,48423
264,3016,48081
265,3017,48081
266,3018,48451
267,3019,48451
268,3020,48451
269,3021,48417
270,3022,48335
271,3023,48157
272,3024,48413
273,3025,48411
274,3026,48441
275,3027,48441
276,3028,48441
277,3029,48333
278,3030,48451
279,3031,48441
280,3032,48441
281,3033,48415
282,3034,48415
283,3035,48339
284,3036,48411
285,3037,48499
286,3038,48353
287,3039,48499
288,3040,48399
289,3041,48081
290,3042,48081
291,3046,48423
292,3047,48353
293,3048,48499
294,3049,48253
295,3050,48465
296,3051,48465
297,3052,48265
298,3053,48441
299,3054,48441
300,3055,48399
301,3056,48441
302,3057,48441
303,3058,48431
304,3059,48431
305,3060,48431
306,3061,48431
307,3062,48431
308,3063,48431
309,3064,48499
310,3065,48353
311,3066,48307
312,3067,48353
313,3068,48353
314,3069,48441
315,3070,48441
316,3071,48441
317,3072,48451
318,3073,48271
319,3074,48271
320,3075,48319
321,3076,48271
322,3077,48417
323,3078,48415
324,3079,48415
325,3080,48415
326,3081,48415
327,3082,48441
328,3083,48441
329,3084,48441
330,3085,48335
331,3086,48335
332,3087,48335
333,3088,48441
334,3089,48441
335,3091,48441
336,3092,48441
337,3093,48137
338,3094,48441
339,3095,48441
340,3096,48033
341,3097,48415
342,3098,48033
343,3099,48441
344,3100,48253
345,3101,48299
346,3102,48253
347,3103,48441
348,3104,48053
349,3105,48053
350,3106,48053
351,3107,48265
352,3108,48281
353,3109,48415
354,3110,48415
355,3111,48431
356,3112,48431
357,3113,48431
358,3114,48451
359,3115,48263
360,3116,48415
361,3117,48415
362,3119,48271
363,3120,48271
364,3121,48353
365,3122,48353
366,3123,48463
367,3124,48171
368,3125,48441
369,3126,48463
370,3127,48353
371,3128,48353
372,3129,48499
373,3130,48253
374,3131,48441
375,3132,48095
376,3133,48415
377,3134,48415
378,3136,48415
379,3137,48353
380,3138,48327
381,3139,48399
382,3140,48059
383,3141,48353
384,3142,48451
385,3143,48083
386,3144,48399
387,3145,48499
388,3146,48267
389,3147,48281
390,4002,0
391,4003,48215
392,4004,48479
393,4005,48479
394,4006,48479
395,4007,48215
396,4008,48013
397,4009,48499
398,4010,48273
399,4011,48247
400,4012,48215
401,4013,48215
402,4014,48323
403,4015,48323
404,4016,48013
405,4017,48273
406,4018,48391
407,4019,48215
408,4020,48355
409,4021,48215
410,4022,48479
411,4023,48163
412,4024,48013
413,4025,48013
414,4026,48013
415,4027,48215
416,4028,48175
417,4029,48175
418,4030,48175
419,4031,48479
420,4032,48273
421,4033,48479
422,4034,48215
423,4035,48355
424,4036,48507
425,4037,48409
426,4038,48025
427,4039,48215
428,4040,48215
429,4041,48215
430,4042,48215
431,4043,48427
432,4044,48427
433,4045,48427
434,4046,48427
435,4047,48427
436,4048,48215
437,4049,48493
438,4050,48493
439,4051,48355
440,4052,48355
441,4053,48261
442,4054,48025
443,4055,48355
444,4056,48409
445,4057,48409
446,4058,48409
447,4059,48409
448,4060,48409
449,4064,48355
450,4065,48355
451,4066,48215
452,4067,48061
453,4068,48215
454,4069,48355
455,4070,48061
456,4071,48061
457,4072,48355
458,4073,48215
459,4074,48215
460,4075,48215
461,4076,48215
462,4077,48215
463,4078,48355
464,4079,48215
465,4080,48355
466,4081,48355
467,4082,48355
468,4083,48355
469,4084,48273
470,4085,48273
471,4086,48489
472,4087,48273
473,4088,48215
474,4089,48061
475,4090,48061
476,4099,48355
477,4100,48355
478,4101,48479
479,4102,48061
480,4103,48215
481,4104,48409
482,4105,48409
483,4106,48061
484,4107,48215
485,4108,48409
486,4109,48355
487,4110,48061
488,4111,48061
489,4112,48273
490,4113,48479
491,4114,48479
492,4115,48479
493,4116,48479
494,4117,48013
495,4118,48309
496,4119,48427
497,4120,48355
498,4121,48061
499,4122,48215
500,4123,48355
501,4124,48047
502,4125,48025
503,4126,48061
504,4127,48249
505,4128,48427
506,4129,48249
507,4130,48131
508,4131,48163
509,4132,48163
510,4133,48163
511,4139,48297
512,4140,48273
513,4141,48273
514,4143,48163
515,4144,48249
516,4145,48409
517,4146,48479
518,4147,48479
519,4148,48273
520,4149,48007
521,4150,48355
522,4151,48261
523,4152,48261
524,4153,48261
525,4154,48215
526,4155,48215
527,4156,48355
528,4157,48215
529,4158,48355
530,4159,48355
531,4160,48355
532,4161,48355
533,4162,48355
534,4164,48427
535,4165,48499
536,4166,48273
537,4167,48215
538,4168,48355
539,4169,48249
540,4170,48007
541,4171,48061
542,4172,48013
543,4173,48391
544,4174,48013
545,4175,48479
546,4176,48479
547,4177,48479
548,4178,48175
549,4179,48131
550,4180,48355
551,4181,48409
552,4182,48409
553,4183,48489
554,4184,48489
555,4185,48505
556,4186,48215
557,4187,48283
558,4188,48323
559,4189,48127
560,4190,48479
561,4191,48489
562,4192,48061
563,4193,48061
564,4194,48493
565,4195,48479
566,4196,48479
567,4197,48479
568,5003,48113
569,5004,48349
570,5005,48221
571,5006,48113
572,5007,48121
573,5008,48499
574,5009,48113
575,5010,48085
576,5011,48293
577,5012,48121
578,5013,48049
579,5014,48497
580,5015,48439
581,5016,48439
582,5017,48121
583,5018,48237
584,5019,48237
585,5020,48237
586,5021,48367
587,5022,48367
588,5024,48099
589,5025,48251
590,5026,48439
591,5027,48439
592,5028,48439
593,5029,48027
594,5030,48367
595,5031,48085
596,5032,48113
597,5033,48113
598,5034,48113
599,5043,48231
600,5044,48497
601,5045,48143
602,5046,48143
603,5047,48439
604,5048,48439
605,5049,48231
606,5050,48231
607,5051,48231
608,5052,48231
609,5053,48085
610,5054,48293
611,5055,48503
612,5056,48503
613,5057,48503
614,5058,48503
615,5059,48467
616,5060,48257
617,5063,48439
618,5064,48439
619,5070,48113
620,5071,48309
621,5072,48113
622,5073,48049
623,5074,48085
624,5075,48099
625,5076,48397
626,5077,48397
627,5078,48121
628,5079,48309
629,5080,48309
630,5081,48099
631,5082,48439
632,5083,48085
633,5084,48085
634,5085,48113
635,5086,48439
636,5087,48217
637,5088,48035
638,5089,48035
639,5090,48113
640,5091,48349
641,5092,48251
642,5093,48439
643,5094,48139
644,5095,48121
645,5096,48085
646,5097,48439
647,5098,48439
648,5099,48121
649,5100,48113
650,5101,48093
651,5102,48085
652,5103,48113
653,5104,48439
654,5105,48113
655,5108,48113
656,5109,48113
657,5110,48441
658,5111,48085
659,5112,48193
660,5113,48497
661,5114,48257
662,5115,48231
663,5116,48085
664,5117,48439
665,5118,48059
666,5119,48237
667,5120,48049
668,5121,48049
669,5122,48113
670,5123,48145
671,5124,48145
672,5125,48439
673,5126,48113
674,5127,48193
675,5128,48113
676,5129,48333
677,5130,48085
678,5131,48027
679,5132,48027
680,5133,48221
681,5134,48429
682,5135,48133
683,5136,48119
684,5137,48309
685,5138,48309
686,5139,48113
687,5140,48099
688,5141,48083
689,5142,48099
690,5143,48439
691,5144,48309
692,5145,48113
693,5146,48113
694,5147,48085
695,5148,48113
696,5149,48113
697,5150,48237
698,5151,48417
699,5152,48085
700,5153,48497
701,5154,48251
702,5155,48363
703,5156,48201
704,5157,48113
705,5158,48113
706,5159,48145
707,5160,48121
708,5161,48113
709,5162,48309
710,5163,48027
711,5164,48121
712,5165,48121
713,5166,48121
714,5167,48121
715,5168,48113
716,5169,48143
717,5170,48143
718,5171,48217
719,5172,48367
720,5173,48085
721,5174,48217
722,5175,48121
723,5176,48363
724,5177,48439
725,5178,48397
726,5179,48349
727,5180,48349
728,5181,48113
729,5182,48099
730,5183,48113
731,5184,48439
732,5185,48497
733,5186,48251
734,5187,48503
735,5188,48121
736,5189,48113
737,5190,48363
738,5191,48035
739,5192,48027
740,5193,48027
741,5194,48113
742,5195,48121
743,5196,48237
744,5197,48237
745,5198,48237
746,5199,48439
747,5200,48363
748,5201,48293
749,5202,48349
750,5203,48113
751,5204,48367
752,5205,48367
753,5206,48497
754,5207,48367
755,5208,48367
756,5209,48035
757,5210,48439
758,5211,48217
759,5212,48139
760,5213,48113
761,5214,48113
762,5215,48097
763,5216,48439
764,5217,48439
765,5218,48121
766,5219,48257
767,5220,48121
768,5221,48027
769,5222,48257
770,5223,48293
771,5224,48113
772,5225,48085
773,5226,48049
774,5227,48231
775,5228,48113
776,5229,48113
777,5230,48113
778,5231,48193
779,5232,48439
780,5233,48439
781,5234,48085
782,5235,48027
783,5236,48503
784,5237,48503
785,5238,48503
786,5239,48333
787,5240,48333
788,5241,48333
789,5243,48333
790,5244,48439
791,5245,48439
792,5246,48425
793,5247,48035
794,5248,48439
795,5249,48439
796,5250,48113
797,5251,48113
798,5252,48113
799,5253,48121
800,5254,48121
801,5255,48367
802,5256,48139
803,5257,48139
804,5258,48257
805,5259,48085
806,5260,48425
807,5261,48425
808,5262,48425
809,5263,48425
810,5264,48093
811,5265,48439
812,5266,48113
813,5267,48309
814,5268,48231
815,5269,48139
816,5270,48039
817,5271,48027
818,5272,48113
819,5273,48113
820,5274,48139
821,5275,48349
822,5276,48293
823,5277,48121
824,5278,48027
825,5279,48027
826,5280,48027
827,5281,48027
828,5282,48027
829,5283,48027
830,5284,48231
831,5285,48497
832,5286,48143
833,5287,48439
834,5288,48147
835,5289,48113
836,5290,48217
837,5291,48439
838,5292,48439
839,5293,48251
840,5294,48113
841,5295,48085
842,5296,48085
843,5304,48085
844,5305,48085
845,5306,48367
846,5307,48121
847,5308,48113
848,5309,48113
849,5310,48439
850,5311,48113
851,5312,48439
852,5313,48113
853,5314,48035
854,5315,48121
855,5316,48113
856,5317,48221
857,5318,48221
858,5319,48221
859,5320,48221
860,5321,48221
861,5322,48113
862,5323,48113
863,5324,48113
864,5325,48113
865,5326,48113
866,5327,48293
867,5328,48309
868,5329,48113
869,5330,48439
870,5331,48085
871,5332,48439
872,5333,48139
873,5334,48441
874,5335,48113
875,5336,48113
876,5337,48237
877,5338,48221
878,5339,48439
879,5340,48113
880,5341,48121
881,5344,48113
882,5345,48217
883,5346,48439
884,5347,48133
885,5348,48217
886,5349,48113
887,5350,48113
888,5351,48113
889,5352,48113
890,5353,48113
891,5354,48113
892,5355,48139
893,5356,48113
894,5357,48085
895,5358,48145
896,5359,48145
897,5360,48145
898,5361,48497
899,5362,48497
900,5370,48121
901,5371,48113
902,5372,48113
903,5373,48439
904,5374,48113
905,5375,48439
906,5376,48113
907,5377,48027
908,5378,48309
909,5379,48439
910,5380,48139
911,5381,48139
912,5382,48139
913,5383,48139
914,5384,48113
915,5385,48113
916,5386,48113
917,5387,48439
918,5388,48309
919,5389,48309
920,5390,48331
921,5391,48331
922,5393,48035
923,5394,48379
924,5395,48379
925,5396,48379
926,5397,48379
927,5399,48379
928,5400,48085
929,5401,48221
930,5402,48221
931,5403,48221
932,5404,48221
933,5405,48221
934,5407,48035
935,5408,48085
936,5409,48439
937,5410,48027
938,5411,48027
939,5412,48085
940,5413,48363
941,5414,48363
942,5415,48363
943,5416,48363
944,5417,48363
945,5418,48363
946,5419,48363
947,5420,48439
948,5421,48085
949,5422,48121
950,5425,48113
951,5426,48213
952,5427,48139
953,5428,48439
954,5429,48439
955,5430,48367
956,5431,48397
957,5432,48367
958,5433,48439
959,5434,48497
960,5435,48363
961,5436,48113
962,5437,48309
963,5438,48439
964,5439,48139
965,5440,48439
966,5441,48439
967,5442,48439
968,5443,48439
969,5444,48139
970,5445,48139
971,5446,48309
972,5447,48439
973,5448,48113
974,5449,48113
975,5450,48085
976,5451,48099
977,5452,48099
978,5453,48251
979,5454,48231
980,5455,48497
981,5456,48133
982,5457,48439
983,5458,48027
984,5459,48027
985,5461,48027
986,5462,48113
987,5463,48113
988,5464,48085
989,5465,48085
990,5466,48099
991,5467,48113
992,5468,48113
993,5469,48439
994,5470,48309
995,5471,48143
996,5472,48447
997,5473,48425
998,5474,48145
999,5475,48251
1000,5476,48349
1001,5477,48027
1002,5478,48113
1003,5479,48251
1004,5480,48251
1005,5481,48439
1006,5482,48113
1007,5483,48439
1008,5484,48059
1009,5485,48349
1010,6001,48029
1011,6002,48029
1012,6003,48021
1013,6004,48021
1014,6005,48021
1015,6006,48021
1016,6007,48021
1017,6008,48021
1018,6011,48187
1019,6012,48021
1020,6013,48029
1021,6014,48177
1022,6015,48029
1023,6016,48029
1024,6017,48187
1025,6018,48453
1026,6019,48453
1027,6020,48053
1028,6021,48453
1029,6022,48453
1030,6023,48453
1031,6024,48453
1032,6025,48029
1033,6026,48029
1034,6027,48021
1035,6028,48453
1036,6029,48255
1037,6030,48285
1038,6031,48285
1039,6032,48453
1040,6033,48453
1041,6034,48453
1042,6035,48453
1043,6036,48029
1044,6037,48029
1045,6038,48453
1046,6039,48453
1047,6040,48453
1048,6043,48029
1049,6044,48029
1050,6045,48029
1051,6046,48029
1052,6047,48029
1053,6055,48259
1054,6056,48091
1055,6057,48091
1056,6058,48091
1057,6059,48325
1058,6060,48029
1059,6061,48453
1060,6062,48477
1061,6063,48477
1062,6064,48477
1063,6065,48053
1064,6066,48187
1065,6067,48187
1066,6068,48187
1067,6069,48187
1068,6070,48187
1069,6071,48187
1070,6072,48187
1071,6073,48187
1072,6074,48187
1073,6075,48149
1074,6076,48149
1075,6077,48149
1076,6078,48149
1077,6079,48149
1078,6080,48149
1079,6081,48053
1080,6082,48053
1081,6083,48053
1082,6084,48491
1083,6091,48031
1084,6092,48177
1085,6093,48029
1086,6094,48029
1087,6095,48491
1088,6096,48055
1089,6097,48029
1090,6098,48453
1091,6099,48029
1092,6100,48493
1093,6101,48005
1094,6102,48493
1095,6103,48493
1096,6104,48029
1097,6105,48029
1098,6106,48029
1099,6107,48331
1100,6108,48331
1101,6109,48331
1102,6112,48325
1103,6113,48453
1104,6114,48029
1105,6115,48029
1106,6116,48491
1107,6117,48021
1108,6118,48491
1109,6119,48453
1110,6120,48453
1111,6121,48029
1112,6122,48285
1113,6123,48453
1114,6124,48091
1115,6125,48493
1116,6126,48453
1117,6127,48331
1118,6128,48029
1119,6129,48019
1120,6130,48453
1121,6131,48091
1122,6132,48453
1123,6133,48149
1124,6134,48491
1125,6135,48149
1126,6136,48491
1127,6137,48453
1128,6138,48019
1129,6139,48021
1130,6140,48491
1131,6141,48029
1132,6142,48029
1133,6143,48029
1134,6150,48029
1135,6151,48149
1136,6152,48029
1137,6153,48029
1138,6154,48031
1139,6155,48029
1140,6156,48053
1141,6157,48259
1142,6158,48477
1143,6159,48029
1144,6160,48453
1145,6161,48187
1146,6162,48187
1147,6163,48187
1148,6164,48187
1149,6165,48187
1150,6166,48187
1151,6167,48187
1152,6168,48029
1153,6169,48029
1154,6170,48029
1155,6171,48029
1156,6172,48123
1157,6173,48123
1158,6174,48029
1159,6175,48453
1160,6176,48453
1161,6177,48029
1162,6178,48029
1163,6179,48029
1164,6180,48493
1165,6181,48453
1166,6182,48029
1167,6183,48287
1168,6184,48453
1169,6185,48453
1170,6186,48453
1171,6187,48453
1172,6188,48089
1173,6189,48089
1174,6190,48285
1175,6191,48029
1176,6192,48051
1177,6193,48051
1178,6194,48453
1179,6195,48015
1180,6196,48143
1181,6197,48029
1182,6198,48029
1183,6199,48029
1184,6200,48029
1185,6201,48029
1186,6202,48055
1187,6203,48029
1188,6204,48029
1189,6205,48453
1190,6206,48287
1191,6207,48453
1192,6208,48453
1193,6209,48325
1194,6210,48053
1195,6211,48053
1196,6212,48053
1197,6213,48053
1198,6214,48053
1199,6217,48453
1200,6218,48055
1201,6219,48453
1202,6220,48029
1203,6221,48013
1204,6222,48453
1205,6223,48453
1206,6224,48453
1207,6225,48029
1208,6226,48031
1209,6227,48453
1210,6228,48209
1211,6229,48209
1212,6230,48209
1213,6231,48209
1214,6232,48453
1215,6233,48453
1216,6234,48029
1217,6235,48029
1218,6236,48029
1219,6237,48331
1220,6238,48453
1221,6239,48029
1222,6240,48493
1223,6241,48029
1224,6242,48029
1225,6243,48029
1226,6250,48029
1227,6251,48091
1228,6252,48031
1229,6253,48123
1230,6254,48453
1231,6255,48453
1232,6256,48453
1233,6257,48453
1234,6258,48453
1235,6259,48453
1236,6260,48453
1237,6261,48029
1238,6262,48491
1239,6263,48255
1240,6264,48255
1241,6265,48123
1242,6275,48029
1243,6276,48029
1244,6277,48209
1245,6278,48209
1246,6279,48187
1247,6280,48187
1248,6281,48029
1249,6282,48053
1250,6283,48493
1251,6284,48029
1252,6285,48259
1253,6286,48259
1254,6287,48029
1255,6288,48029
1256,6289,48453
1257,6290,48453
1258,6291,48029
1259,6292,48021
1260,6293,48021
1261,6294,48021
1262,6295,48021
1263,6296,48021
1264,6297,48021
1265,6298,48187
1266,6299,48091
1267,6300,48091
1268,6301,48091
1269,6302,48091
1270,6303,48091
1271,6304,48091
1272,6306,48453
1273,6307,48029
1274,6308,48325
1275,6309,48325
1276,6310,48029
1277,6311,48089
1278,6312,48029
1279,6313,48453
1280,6314,48029
1281,6315,48491
1282,6316,48491
1283,6319,48491
1284,6320,48029
1285,6321,48493
1286,6322,48493
1287,6323,48029
1288,6324,48029
1289,6325,48331
1290,6326,48051
1291,6327,48089
1292,6328,48259
1293,6329,48255
1294,6330,48453
1295,6331,48453
1296,6332,48029
1297,6333,48029
1298,6334,48029
1299,6335,48029
1300,6336,48019
1301,6337,48029
1302,6338,48331
1303,6339,48021
1304,6340,48177
1305,6341,48477
1306,6342,48453
1307,6343,48453
1308,6344,48453
1309,6345,48453
1310,6346,48013
1311,6349,48453
1312,6350,48453
1313,6351,48453
1314,6352,48029
1315,6353,48453
1316,6354,48453
1317,6355,48453
1318,6356,48029
1319,6357,48325
1320,6358,48491
1321,6359,48053
1322,6360,48053
1323,7001,48469
1324,7002,48201
1325,7003,48201
1326,7004,48201
1327,7005,48201
1328,7006,48201
1329,7007,48201
1330,7008,48201
1331,7009,48201
1332,7010,48473
1333,7011,48339
1334,7012,48157
1335,7013,48201
1336,7014,48201
1337,7016,48201
1338,7017,48201
1339,7018,48469
1340,7019,48469
1341,7020,48469
1342,7021,48469
1343,7022,48469
1344,7023,48469
1345,7024,48469
1346,7026,48167
1347,7027,48201
1348,7028,48201
1349,7029,48057
1350,7030,48057
1351,7031,48057
1352,7032,48057
1353,7033,48057
1354,7034,48057
1355,7035,48339
1356,7036,48339
1357,7037,48157
1358,7038,48157
1359,7039,48157
1360,7040,48071
1361,7041,48169
1362,7042,48469
1363,7043,48469
1364,7044,48469
1365,7045,48469
1366,7046,48469
1367,7047,48473
1368,7048,48473
1369,7049,48473
1370,7050,48339
1371,7051,48201
1372,7052,48157
1373,7053,48157
1374,7054,48201
1375,7055,48201
1376,7056,48201
1377,7057,48201
1378,7058,48057
1379,7059,48057
1380,7060,48057
1381,7061,48057
1382,7062,48057
1383,7063,48057
1384,7064,48057
1385,7065,48057
1386,7066,48057
1387,7067,48201
1388,7068,48481
1389,7069,48481
1390,7070,48201
1391,7071,48057
1392,7072,48167
1393,7073,48167
1394,7074,48167
1395,7075,48201
1396,7076,48201
1397,7077,48201
1398,7078,48201
1399,7079,48201
1400,7080,48201
1401,7083,48167
1402,7084,48167
1403,7085,48039
1404,7086,48201
1405,7087,48157
1406,7088,48157
1407,7089,48201
1408,7090,48339
1409,7091,48039
1410,7092,48201
1411,7093,48201
1412,7094,48201
1413,7095,48321
1414,7096,48321
1415,7097,48321
1416,7098,48321
1417,7099,48321
1418,7100,48201
1419,7101,48201
1420,7102,48201
1421,7103,48201
1422,7104,48201
1423,7105,48201
1424,7106,48201
1425,7107,48201
1426,7108,48201
1427,7109,48201
1428,7110,48201
1429,7111,48201
1430,7112,48201
1431,7116,48015
1432,7117,48201
1433,7118,48201
1434,7119,48201
1435,7120,48201
1436,7123,48057
1437,7124,48201
1438,7125,48157
1439,7126,48157
1440,7127,48157
1441,7128,48339
1442,7129,48239
1443,7130,48201
1444,7131,48201
1445,7132,48201
1446,7133,48201
1447,7134,48201
1448,7135,48201
1449,7136,48201
1450,7137,48201
1451,7143,48339
1452,7144,48201
1453,7145,48201
1454,7147,48201
1455,7148,48201
1456,7149,48469
1457,7150,48339
1458,7151,48471
1459,7152,48201
1460,7153,48321
1461,7154,48339
1462,7155,48201
1463,7156,48201
1464,7157,48201
1465,7158,48201
1466,7159,48201
1467,7160,48201
1468,7161,48201
1469,7162,48201
1470,7163,48201
1471,7164,48201
1472,7165,48201
1473,7166,48201
1474,7167,48201
1475,7168,48201
1476,7169,48201
1477,7170,48201
1478,7171,48167
1479,7172,48167
1480,7173,48339
1481,7174,48201
1482,7175,48201
1483,7176,48201
1484,7177,48201
1485,7178,48201
1486,7179,48039
1487,7180,48201
1488,7181,48201
1489,7182,48473
1490,7183,48201
1491,7184,48157
1492,7185,48157
1493,7186,48201
1494,7187,48201
1495,7188,48201
1496,7198,48201
1497,7199,48201
1498,7200,48201
1499,7201,48201
1500,7202,48473
1501,7203,48039
1502,7204,48201
1503,7205,48201
1504,7206,48201
1505,7213,48167
1506,7214,48201
1507,7215,48201
1508,7216,48201
1509,7217,48201
1510,7218,48339
1511,7219,48481
1512,7220,48201
1513,7221,48201
1514,7222,48201
1515,7223,48201
1516,7224,48201
1517,7225,48201
1518,7226,48201
1519,7227,48201
1520,7228,48201
1521,7229,48201
1522,7230,48157
1523,7231,48201
1524,7232,48167
1525,7233,48473
1526,7234,48339
1527,7235,48201
1528,7236,48201
1529,7237,48157
1530,7238,48491
1531,7239,48071
1532,7240,48201
1533,7241,48201
1534,7242,48201
1535,7243,48201
1536,7244,48039
1537,7245,48201
1538,7246,48201
1539,7247,48349
1540,7248,48201
1541,7249,48201
1542,7250,48201
1543,7251,48473
1544,7252,48039
1545,7253,48039
1546,7254,48339
1547,7255,48201
1548,7256,48201
1549,7257,48201
1550,7258,48201
1551,7259,48201
1552,7260,48201
1553,7261,48321
1554,7262,48321
1555,7263,48201
1556,7264,48201
1557,7265,48201
1558,7266,48201
1559,7267,48201
1560,7268,48201
1561,7269,48201
1562,7271,48473
1563,7272,48201
1564,7273,48167
1565,7274,48469
1566,7275,48469
1567,7276,48201
1568,7277,48239
1569,7278,48071
1570,7279,48071
1571,7280,48071
1572,7281,48071
1573,7282,48201
1574,7283,48201
1575,7284,48201
1576,7285,48201
1577,7286,48201
1578,7290,48201
1579,7291,48201
1580,7292,48201
1581,7293,48167
1582,7294,48167
1583,7295,48201
1584,7296,48201
1585,7297,48201
1586,7298,48201
1587,7299,48089
1588,7300,48339
1589,7301,48201
1590,7302,48039
1591,7303,48481
1592,7304,48481
1593,7305,48481
1594,7306,48481
1595,7307,48481
1596,7308,48481
1597,7309,48481
1598,7312,48039
1599,7313,48039
1600,7314,48015
1601,7315,48201
1602,7316,48201
1603,7317,48039
1604,7318,48201
1605,7319,48201
1606,7320,48039
1607,7321,48039
1608,7322,48039
1609,7323,48039
1610,7324,48039
1611,7325,48039
1612,7326,48039
1613,7327,48089
1614,7328,48379
1615,7329,48499
1616,7330,48201
1617,7331,48201
1618,7332,48201
1619,7333,48201
1620,7334,48201
1621,7335,48201
1622,7336,48157
1623,7337,48239
1624,7338,48201
1625,7339,48157
1626,7340,48015
1627,7341,48201
1628,7342,48473
1629,7343,48201
1630,7344,48201
1631,7345,48201
1632,7346,48157
1633,7347,48157
1634,7348,48157
1635,7349,48157
1636,7350,48157
1637,7351,48157
1638,7352,48157
1639,7353,48157
1640,7354,48157
1641,7355,48157
1642,7356,48157
1643,7357,48157
1644,7362,48201
1645,7363,48167
1646,7364,48481
1647,7365,48201
1648,7366,48201
1649,7367,48201
1650,7368,48201
1651,7369,48201
1652,7370,48201
1653,7371,48201
1654,7372,48201
1655,7373,48201
1656,7380,48039
1657,7381,48201
1658,7382,48201
1659,7383,48039
1660,7384,48201
1661,7385,48201
1662,7386,48201
1663,7387,48201
1664,7388,48201
1665,7389,48471
1666,7390,48471
1667,7391,48471
1668,7392,48201
1669,7393,48467
1670,7394,48201
1671,7395,48201
1672,7396,48201
1673,7397,48157
1674,7398,48201
1675,7399,48201
1676,7400,48201
1677,7401,48201
1678,7402,48201
1679,7403,48201
1680,7404,48201
1681,7405,48167
1682,7406,48057
1683,7407,48057
1684,7408,48057
1685,7409,48201
1686,7410,48473
1687,7411,48201
1688,7412,48039
1689,7413,48481
1690,7414,48469
1691,7415,48469
1692,7416,48469
1693,7417,48201
1694,7418,48201
1695,7419,48201
1696,7420,48339
1697,7421,48339
1698,7422,48039
1699,7423,48039
1700,7424,48039
1701,7425,48201
1702,7426,48321
1703,7427,48201
1704,7428,48039
1705,7429,48039
1706,7430,48039
1707,7431,48339
1708,7432,48313
1709,8001,48313
1710,8002,48423
1711,8003,48289
1712,8004,48005
1713,8005,48005
1714,8006,48423
1715,8007,48073
1716,8008,48213
1717,8009,48473
1718,8010,48289
1719,8011,48001
1720,8012,48185
1721,8013,48499
1722,8014,48471
1723,8015,48005
1724,8016,48041
1725,8017,48213
1726,8018,48423
1727,8019,48423
1728,8020,48467
1729,8021,48401
1730,8022,48347
1731,8023,48005
1732,8025,48001
1733,8026,48423
1734,8027,48423
1735,8028,48401
1736,8029,48467
1737,8030,48185
1738,8031,48185
1739,8032,48471
1740,8033,48185
1741,8037,48225
1742,8038,48223
1743,8039,48181
1744,8040,48213
1745,8041,48347
1746,8042,48005
1747,8043,48161
1748,8044,48161
1749,8045,48161
1750,8046,48161
1751,8047,48161
1752,8048,48161
1753,8049,48161
1754,8050,48161
1755,8051,48161
1756,8052,48423
1757,8053,48213
1758,8054,48289
1759,8055,48073
1760,8056,48423
1761,8057,48161
1762,8058,48161
1763,8059,48161
1764,8062,48347
1765,8063,48347
1766,8064,48161
1767,8065,48213
1768,8066,48223
1769,8067,48289
1770,8068,48289
1771,8069,48289
1772,8070,48289
1773,8071,48289
1774,8072,48001
1775,8073,48379
1776,8074,48347
1777,8075,48347
1778,8076,48401
1779,8077,48401
1780,8078,48441
1781,8079,48441
1782,8080,48417
1783,8081,48423
1784,8082,48395
1785,8083,48395
1786,8084,48395
1787,8086,48395
1788,8087,48395
1789,8088,48395
1790,8089,48423
1791,8090,48001
1792,8091,48161
1793,8092,48001
1794,8093,48449
1795,8094,48041
1796,8095,48041
1797,8096,48467
1798,8097,48347
1799,8098,48347
1800,8099,48347
1801,8100,48423
1802,8101,48073
1803,8102,48395
1804,8103,48289
1805,8104,48185
1806,8105,48449
1807,8106,48449
1808,8107,48159
1809,8108,48467
1810,8109,48213
1811,8110,48265
1812,8111,48005
1813,8112,48073
1814,8113,48073
1815,8114,48073
1816,8115,48073
1817,8116,48073
1818,8118,48225
1819,8119,48401
1820,8120,48041
1821,8121,48073
1822,8122,48041
1823,8123,48213
1824,8124,48223
1825,8125,48347
1826,8126,48449
1827,8127,48449
1828,8128,48449
1829,8132,48161
1830,8133,48423
1831,8134,48423
1832,8135,48423
1833,8136,48499
1834,8137,48005
1835,8138,48423
1836,8139,48041
1837,8140,48041
1838,8141,48395
1839,8142,48159
1840,8143,48185
1841,8144,48161
1842,8145,48223
1843,8146,48401
1844,8147,48213
1845,8148,48213
1846,8149,48213
1847,8150,48005
1848,8151,48225
1849,8152,48041
1850,8153,48467
1851,8154,48423
1852,8155,48395
1853,8156,48395
1854,8157,48145
1855,8158,48041
1856,8159,48041
1857,8160,48041
1858,12500,48401
1859,12501,48401
1860,12502,48401
1861,12503,48401
1862,12504,48401
1863,12505,48257
1864,12506,48257
1865,12507,48257
1866,12508,48257
1867,12509,48257
1868,12510,48257
1869,12511,48257
1870,12512,48257
1871,12513,48257
1872,12514,48139
1873,12515,48139
1874,12516,48139
1875,12517,48139
1876,12518,48139
1877,12519,48139
1878,12520,48027
1879,12521,48027
1880,12522,48027
1881,12523,48029
1882,12524,48029
1883,12525,48029
1884,12526,48187
1885,12527,48187
1886,12528,48439
1887,12529,48439
1888,12530,48439
1889,12531,48439
1890,12532,48367
1891,12533,48367
1892,12534,48367
1893,12535,48273
1894,12536,48113
1895,12537,48113
1896,12538,48113
1897,12540,48071
1898,12541,48071
1899,12542,48057
1900,12543,48057
1901,12544,48467
1902,12545,48499
1903,12546,48499
1904,12547,48035
1905,12548,48035
1906,12549,48035
1907,12550,48035
1908,12551,48035
1909,12552,48201
1910,12553,48201
1911,12554,48441
1912,12555,48367
1913,12556,48367
1914,12557,48367
1915,12558,48367
1916,12559,48367
1917,12560,48215
1918,12561,48215
1919,12562,48215
1920,12563,48215
1921,12564,48431
1922,12565,48391
1923,12566,48355
1924,12567,48167
1925,12568,48167
1926,12569,48167
1927,12570,48167
1928,12571,48167
1929,12572,48167
1930,12573,48481
1931,12574,48481
1932,12575,48481
1933,12576,48481
1934,12577,48481
1935,12578,48481
1936,12579,48481
1937,12580,48481
1938,12581,48437
1939,12582,48437
1940,12583,48437
1941,12584,48481
1942,12585,48481
1943,12586,48481
1944,12588,48331
1945,12589,48331
1946,12590,48145
1947,12591,48309
1948,12592,48309
1949,12593,48461
1950,12594,48461
1951,12595,48461
1952,12596,48157
1953,12597,48157
1954,12598,48157
1955,12599,48157
1956,12600,48221
1957,12601,48221
1958,12602,48221
1959,12603,48221
1960,12604,48221
1961,12605,48221
1962,12606,48221
1963,12607,48081
1964,12609,48081
1965,12610,48029
1966,12611,48029
1967,12612,48029
1968,12613,48299
1969,12614,48053
1970,12615,48053
1971,12616,48299
1972,12617,48249
1973,12618,48379
1974,12619,48249
1975,12620,48021
1976,12621,48021
1977,12622,48021
1978,12623,48021
1979,12624,48021
1980,12626,48355
1981,12627,48355
1982,12628,48355
1983,12629,48105
1984,12630,48105
1985,12631,48105
1986,12632,48437
1987,12633,48437
1988,12634,48437
1989,12635,48481
1990,12636,48503
1991,12637,48503
1992,12638,48503
1993,12639,48481
1994,12640,48481
1995,12641,48481
1996,12643,48215
1997,12644,48215
1998,12645,48215
1999,12646,48095
2000,12647,48253
2001,12648,48201
2002,12649,48201
2003,12650,48201
2004,12651,48201
2005,12652,48201
2006,12653,48201
2007,12654,48201
2008,12655,48201
2009,12656,48411
2010,12657,48411
2011,12658,48411
2012,12659,48415
2013,12661,48499
2014,12662,48499
2015,12663,48415
2016,12664,48029
2017,12665,48499
2018,12666,48499
2019,12667,48135
2020,12668,48135
2021,12669,48135
2022,12670,48135
2023,12671,48135
2024,12672,48135
2025,12673,48135
2026,12675,48277
2027,12676,48447
2028,12677,48447
2029,12678,48447
2030,12679,48003
2031,12680,48003
2032,12681,48003
2033,12682,48039
2034,12683,48039
2035,12684,48039
2036,12685,48039
2037,12686,48039
2038,12687,48379
2039,12688,48379
2040,12689,48167
2041,12690,48493
2042,12691,48441
2043,12692,48493
2044,12693,48493
2045,12694,48493
2046,12695,48493
2047,12696,48157
2048,12697,48157
2049,12699,48167
2050,12700,48167
2051,12701,48167
2052,12702,48167
2053,12703,48167
2054,12704,48201
2055,12705,48201
2056,12706,48201
2057,12708,48217
2058,12709,48121
2059,12710,48121
2060,12711,48121
2061,12712,48293
2062,12713,48293
2063,12715,48223
2064,12716,48223
2065,12717,48223
2066,12718,48033
2067,12719,48033
2068,12720,48033
2069,12721,48335
2070,12722,48335
2071,12723,48335
2072,12724,48335
2073,12725,48335
2074,12726,48335
2075,12727,48335
2076,12728,48085
2077,12729,48397
2078,12730,48085
2079,12731,48085
2080,12732,48439
2081,12733,48033
2082,12734,48033
2083,12735,48379
2084,12736,48493
2085,12737,48379
2086,12739,48409
2087,12740,48409
2088,12741,48409
2089,12742,48201
2090,12743,48201
2091,12745,48487
2092,12746,48379
2093,12747,48493
2094,12748,48379
2095,12749,48039
2096,12750,48039
2097,12751,48379
2098,12752,48493
2099,12753,48379
2100,12754,48493
2101,12755,48441
2102,12756,48493
2103,12758,48159
2104,12759,48159
2105,12760,48201
2106,12761,48167
2107,12763,48349
2108,12764,48349
2109,12765,48349
2110,12766,48039
2111,12769,48387
2112,12771,48035
2113,12773,48409
2114,12774,48103
2115,12775,48007
2116,12776,48395
2117,12777,48395
2118,12779,48119
2119,12780,48119
2120,12782,48039
2121,12783,48207
2122,12785,48207
2123,12786,48207
2124,12788,48115
2125,12789,48115
2126,12790,48115
2127,12791,48385
2128,12792,48499
2129,12794,48333
2130,12795,48431
2131,12796,48431
2132,12797,48431
2133,12799,48207
2134,12800,48489
2135,12802,48479
2136,12803,48135
2137,12804,48135
2138,12805,48135
2139,12806,48135
2140,12807,48153
2141,12808,48153
2142,12809,48153
2143,12810,48493
2144,12811,48441
2145,12812,48493
2146,12813,48305
2147,12814,48305
2148,12815,48305
2149,12816,48479
2150,12818,48131
2151,12819,48371
2152,12820,48371
2153,12821,48371
2154,12822,48003
2155,12823,48003
2156,12824,48003
2157,12826,48319
2158,12827,48293
2159,12828,48449
2160,12829,48293
2161,12830,48293
2162,12831,48379
2163,12833,48379
2164,12834,48389
2165,12835,48389
2166,12836,48389
2167,12837,48117
2168,12838,48117
2169,12839,48117
2170,12841,48349
2171,12842,48059
2172,12844,48059
2173,12845,48007
2174,12846,48493
2175,12847,48441
2176,12848,48493
2177,12849,48057
2178,12850,48057
2179,12852,48021
2180,12853,48021
2181,12854,48021
2182,12855,48493
2183,12856,48499
2184,12858,48025
2185,12859,48025
2186,12860,48039
2187,12861,48039
2188,12862,48039
2189,12863,48251
2190,12864,48251
2191,12865,48251
2192,12866,48011
2193,12867,48011
2194,12868,48011
2195,12870,48201
2196,12871,48201
2197,12872,48201
2198,12873,48201
2199,12874,48185
2200,12875,48185
2201,12876,48109
2202,12878,48109
2203,12879,48481
2204,12880,48481
2205,12881,48481
2206,12882,48153
2207,12883,48153
2208,12884,48153
2209,12885,48133
2210,12887,48133
2211,12888,48025
2212,12890,48025
2213,12891,48389
2214,12892,48389
2215,12893,48371
2216,12894,48371
2217,12895,48371
2218,12896,48061
2219,12897,48415
2220,12898,48029
2221,12899,48499
2222,12900,48125
2223,12902,48125
2224,12903,48397
2225,12904,48397
2226,12905,48397
2227,12906,48379
2228,12907,48379
2229,12908,48499
2230,12909,48253
2231,12910,48095
2232,12911,48095
2233,12912,48441
2234,12913,48441
2235,12914,48297
2236,12915,48297
2237,12916,48441
2238,12917,48441
2239,12918,48003
2240,12919,48003
2241,12920,48007
2242,12921,48161
2243,12922,48167
2244,12923,48167
2245,12924,48331
2246,12925,48145
2247,12926,48145
2248,12927,48309
2249,12928,48309
2250,12929,48253
2251,12930,48479
2252,12931,48355
2253,12932,48121
2254,12933,48201
2255,12934,48201
2256,12935,48321
2257,12936,48321
2258,12937,48493
2259,12938,48493
2260,12939,48415
2261,12940,48499
2262,12941,48499
2263,12942,48469
2264,12943,48469
2265,12944,48469
2266,12945,48075
2267,12946,48075
2268,12947,48157
2269,12948,48149
2270,12949,48149
2271,12950,48293
2272,12951,48145
2273,12952,48145
2274,12953,48277
2275,12954,48277
2276,12955,48113
2277,12956,48215
2278,12957,48409
2279,12958,48277
2280,12959,48215
2281,12960,48427
2282,12961,48213
2283,12962,48379
2284,12963,48379
2285,12964,48499
2286,12965,48207
2287,12966,48207
2288,12967,48481
2289,12968,48213
2290,12969,48213
2291,12970,48489
2292,12971,48489
2293,12972,48157
2294,12973,48157
2295,12974,48321
2296,12975,48321
2297,12976,48355
2298,12977,48355
2299,12978,48023
2300,12979,48023
2301,12980,48033
2302,12981,48249
2303,12982,48379
2304,12983,48379
2305,12984,48249
2306,12985,48249
2307,12986,48277
2308,12987,48277
2309,12988,48239
2310,12989,48239
2311,12990,48391
2312,12991,48273
2313,12992,48273
2314,12993,48273
2315,12994,48039
2316,12995,48039
2317,12996,48253
2318,12997,48253
2319,12998,48227
2320,12999,48379
2321,13000,48379
2322,13001,48379
2323,13002,48115
2324,13003,48115
2325,13004,48359
2326,13005,48359
2327,13006,48331
2328,13007,48331
2329,13008,48249
2330,13009,48249
2331,13010,48479
2332,13011,48479
2333,13012,48447
2334,13013,48447
2335,13014,48173
2336,13015,48201
2337,13016,48041
2338,13017,48077
2339,13018,48143
2340,13019,48143
2341,13020,48253
2342,13021,48417
2343,13022,48371
2344,13023,48371
2345,13024,48463
2346,13025,48489
2347,13026,48489
2348,13027,48103
2349,13028,48103
2350,13029,48155
2351,13030,48155
2352,13031,48481
2353,13032,48481
2354,13033,48493
2355,13034,48379
2356,13035,48379
2357,13036,48261
2358,13037,48261
2359,13038,48437
2360,13039,48499
2361,13040,48039
2362,13041,48023
2363,13042,48023
2364,13043,48023
2365,13044,48271
2366,13045,48271
2367,13046,48197
2368,13047,48197
2369,13048,48215
2370,13049,48409
2371,13050,48409
2372,13051,48093
2373,13052,48093
2374,13053,48493
2375,13054,48029
2376,13055,48045
2377,13056,48045
2378,13057,48117
2379,13058,48493
2380,13059,48179
2381,13060,48179
2382,13061,48427
2383,13062,48427
2384,13063,48427
2385,13064,48427
2386,13065,48153
2387,13066,48153
2388,13067,48479
2389,13068,48379
2390,13069,48333
2391,13070,48333
2392,13071,48441
2393,13072,48441
2394,13073,48451
2395,13074,48253
2396,13075,48427
2397,13076,48427
2398,13077,48441
2399,13078,48253
2400,13079,48253
2401,13080,48253
2402,13081,48007
2403,13082,48479
2404,13083,48127
2405,13084,48127
2406,13085,48379
2407,13086,48379
2408,13087,48371
2409,13088,48371
2410,13089,48493
2411,13090,48493
2412,13091,48125
2413,13092,48169
2414,13093,48187
2415,13094,48187
2416,13095,48039
2417,13096,48039
2418,13097,48039
2419,13098,48039
2420,13099,48379
2421,13100,48379
2422,13101,48157
2423,13102,48157
2424,13103,48395
2425,13104,48163
2426,13105,48163
2427,13106,48331
2428,13107,48331
2429,13108,48215
2430,13109,48215
2431,13110,48029
2432,13111,48207
2433,13112,48207
2434,13113,48157
2435,13114,48387
2436,13115,48387
2437,13116,48061
2438,13117,48333
2439,13118,48333
2440,13119,48441
2441,13120,48441
2442,13121,48257
2443,13122,48057
2444,13123,48057
2445,13124,48359
2446,13125,48359
2447,13126,48029
2448,13127,48231
2449,13128,48489
2450,13129,48489
2451,13130,48135
2452,13131,48273
2453,13132,48499
2454,13133,48447
2455,13134,48447
2456,13135,48487
2457,13136,48499
2458,13137,48371
2459,13138,48371
2460,13139,48375
2461,13140,48493
2462,13141,48493
2463,13142,48307
2464,13143,48307
2465,13144,48109
2466,13145,48493
2467,13146,48097
2468,13147,48371
2469,13148,48371
2470,13149,48493
2471,13150,48493
2472,13151,48039
2473,13152,48167
2474,13153,48167
2475,13154,48167
2476,13155,48461
2477,13156,48499
2478,13157,48081
2479,13158,48081
2480,13159,48381
2481,13160,48375
2482,13161,48379
2483,13162,48379
2484,13163,48481
2485,13164,48481
2486,13165,48381
2487,13166,48381
2488,13167,48409
2489,13168,48409
2490,13169,48383
2491,13170,48383
2492,13171,48359
2493,13172,48359
2494,13173,48309
2495,13174,48003
2496,13175,48003
2497,13176,48201
2498,13177,48201
2499,13178,48201
2500,13179,48307
2501,13180,48307
2502,13181,48371
2503,13182,48371
2504,13183,48451
2505,13184,48253
2506,13185,48227
2507,13186,48371
2508,13187,48371
2509,13188,48251
2510,13189,48371
2511,13190,48441
2512,13191,48493
2513,13192,48493
2514,13193,48007
2515,13194,48153
2516,13195,48029
2517,13196,48321
2518,13197,48107
2519,13198,48451
2520,13199,48451
2521,13200,48375
2522,13201,48065
2523,13202,48023
2524,13203,48023
2525,13204,48023
2526,13205,48023
2527,13206,48045
2528,13207,48069
2529,13208,48069
2530,13209,48201
2531,13210,48201
2532,13211,48379
2533,13212,48499
2534,13213,48441
2535,13214,48103
2536,13215,48499
2537,13216,48491
2538,13217,48379
2539,13218,48379
2540,13219,48499
2541,13220,48493
2542,13221,48493
2543,13222,48207
2544,13223,48499
2545,13224,48175
2546,13225,48175
2547,13226,48175
2548,13227,48175
2549,13228,48479
2550,13229,48479
2551,13230,48033
2552,13231,48007
2553,13232,48039
2554,13233,48039
2555,13234,48481
2556,13235,48481
2557,13236,48139
2558,13237,48097
2559,13238,48097
2560,13239,48465
2561,13240,48465
2562,13241,48095
2563,13242,48095
2564,13243,48133
2565,13244,48499
2566,13245,48217
2567,13246,48353
2568,13247,48489
2569,13248,48061
2570,13249,48253
2571,13250,48427
2572,13251,48215
2573,13252,48139
2574,13253,48201
2575,13254,48201
2576,13255,48201
2577,13256,48073
2578,13257,48073
2579,13258,48415
2580,13259,48163
2581,13260,48163
2582,13261,48349
2583,13262,48499
2584,13263,48097
2585,13264,48007
2586,13265,48453
2587,13266,48497
2588,13267,48497
2589,13268,48147
2590,13269,48147
2591,13270,48379
2592,13271,48379
2593,13272,48499
2594,13273,48085
2595,13274,48379
2596,13275,48499
2597,13276,48201
2598,13277,48371
2599,13278,48371
2600,13279,48227
2601,13280,48431
2602,13281,48493
2603,13282,48133
2604,13283,48499
2605,13284,48499
2606,13285,48157
2607,13286,48157
2608,13287,48039
2609,13288,48237
2610,13289,48427
2611,13290,48427
2612,13291,48095
2613,13292,48441
2614,13293,48193
2615,13294,48103
2616,13295,48499
2617,13296,48061
2618,13297,48323
2619,13298,48323
2620,13299,48353
2621,13300,48335
2622,13301,48335
2623,13302,48389
2624,13303,48389
2625,13304,48379
2626,13305,48379
2627,13306,48115
2628,13307,48115
2629,13308,48363
2630,13309,48309
2631,13310,48145
2632,13311,48145
2633,13312,48415
2634,13313,48463
2635,13314,48463
2636,13315,48207
2637,13316,48499
2638,13317,48115
2639,13318,48115
2640,13319,48249
2641,13320,48249
2642,13321,48253
2643,13322,48439
2644,13323,48215
2645,13324,48215
2646,13325,48319
2647,13326,48319
2648,13327,48053
2649,13328,48039
2650,13329,48039
2651,13330,48497
2652,13331,48497
2653,13332,48453
2654,13333,48039
2655,13334,48039
2656,13335,48463
2657,13336,48499
2658,13337,48463
2659,13338,48499
2660,13339,48441
2661,13340,48441
2662,13341,48201
2663,13342,48309
2664,13343,48309
2665,13344,48029
2666,13345,48479
2667,13346,48157
2668,13347,48167
2669,13348,48239
2670,13349,48487
2671,13350,48499
2672,13351,48353
2673,13352,48061
2674,13353,48479
2675,13354,48039
2676,13355,48057
2677,13356,48469
2678,13357,48469
2679,13358,48201
2680,13359,48415
2681,13360,48415
2682,13361,48371
2683,13362,48371
2684,13363,48231
2685,13364,48379
2686,13365,48379
2687,13366,48353
2688,13367,48499
2689,13368,48139
2690,13369,48039
2691,13370,48039
2692,13371,48379
2693,13372,48499
2694,13373,48247
2695,13374,48247
2696,13375,48469
2697,13376,48469
2698,13377,48379
2699,13378,48157
2700,13379,48157
2701,13380,48133
2702,13381,48499
2703,13382,48035
2704,13383,48035
2705,13384,48039
2706,13385,48465
2707,13386,48465
2708,13387,48477
2709,13388,48477
2710,13389,48379
2711,13390,48097
2712,13391,48465
2713,13392,48153
2714,13393,48379
2715,13394,48025
2716,13395,48153
2717,13396,48215
2718,13397,48371
2719,13398,48021
2720,13399,48371
2721,13400,48379
2722,13401,48115
2723,13402,48039
2724,13403,48415
2725,13404,48039
2726,13405,48379
2727,13406,48039
2728,13407,48057
2729,13408,48167
2730,13409,48227
2731,13410,48355
2732,13411,48453
2733,13412,48487
2734,13413,48431
2735,13414,48135
2736,13415,48379
2737,13416,48249
2738,13417,48379
2739,13418,48029
2740,13419,48379
2741,13420,48379
2742,13421,48231
2743,13422,48481
2744,13423,48479
2745,13424,48227
2746,13425,48215
2747,13426,48321
2748,13427,48427
2749,13428,48427
2750,13429,48411
